INSERT INTO `ville`(id, codePostal, nom) VALUES (1, '75001', 'PARIS');
INSERT INTO `ville`(id, codePostal, nom) VALUES (2, '75002', 'PARIS');
INSERT INTO `ville`(id, codePostal, nom) VALUES (3, '75003', 'PARIS');
INSERT INTO `ville`(id, codePostal, nom) VALUES (4, '75004', 'PARIS');
INSERT INTO `ville`(id, codePostal, nom) VALUES (5, '75005', 'PARIS');
INSERT INTO `ville`(id, codePostal, nom) VALUES (6, '75006', 'PARIS');
INSERT INTO `ville`(id, codePostal, nom) VALUES (7, '75007', 'PARIS');
INSERT INTO `ville`(id, codePostal, nom) VALUES (8, '75008', 'PARIS');
INSERT INTO `ville`(id, codePostal, nom) VALUES (9, '75009', 'PARIS');
INSERT INTO `ville`(id, codePostal, nom) VALUES (10, '75010', 'PARIS');
INSERT INTO `ville`(id, codePostal, nom) VALUES (11, '75011', 'PARIS');
INSERT INTO `ville`(id, codePostal, nom) VALUES (12, '75012', 'PARIS');
INSERT INTO `ville`(id, codePostal, nom) VALUES (13, '75013', 'PARIS');
INSERT INTO `ville`(id, codePostal, nom) VALUES (14, '75014', 'PARIS');
INSERT INTO `ville`(id, codePostal, nom) VALUES (15, '75015', 'PARIS');
INSERT INTO `ville`(id, codePostal, nom) VALUES (16, '75016', 'PARIS');
INSERT INTO `ville`(id, codePostal, nom) VALUES (17, '75017', 'PARIS');
INSERT INTO `ville`(id, codePostal, nom) VALUES (18, '75018', 'PARIS');
INSERT INTO `ville`(id, codePostal, nom) VALUES (19, '75019', 'PARIS');
INSERT INTO `ville`(id, codePostal, nom) VALUES (20, '75020', 'PARIS');
INSERT INTO `ville`(id, codePostal, nom) VALUES (21, '69001', 'LYON');
INSERT INTO `ville`(id, codePostal, nom) VALUES (22, '69002', 'LYON');
INSERT INTO `ville`(id, codePostal, nom) VALUES (23, '69003', 'LYON');
INSERT INTO `ville`(id, codePostal, nom) VALUES (24, '69004', 'LYON');
INSERT INTO `ville`(id, codePostal, nom) VALUES (25, '69005', 'LYON');
INSERT INTO `ville`(id, codePostal, nom) VALUES (26, '69006', 'LYON');
INSERT INTO `ville`(id, codePostal, nom) VALUES (27, '69007', 'LYON');
INSERT INTO `ville`(id, codePostal, nom) VALUES (28, '69008', 'LYON');
INSERT INTO `ville`(id, codePostal, nom) VALUES (29, '69009', 'LYON');
INSERT INTO `ville`(id, codePostal, nom) VALUES (30, '92120', 'MONTROUGE');
INSERT INTO `ville`(id, codePostal, nom) VALUES (31, '78720', 'CERNAY LA VILLE');
INSERT INTO `ville`(id, codePostal, nom) VALUES (32, '78120', 'CLAIREFONTAINE');
INSERT INTO `ville`(id, codePostal, nom) VALUES (33, '69760', 'LIMONEST');
INSERT INTO `ville`(id, codePostal, nom) VALUES (34, '69330', 'MEYZIEU');

--mot de passe utilisateur: password / mot de passe admin : admin

INSERT INTO `client`(id, ville_id, nom, prenom, dateDeNaissance, numeroFixe, numeroPort, email, adresse, complementAdresse, login, password, salt) VALUES (1, 1, 'DE TINGUY', 'Benjamin', '1983-08-15','01.02.05.40.55', '06.08.57.03.09', 'b.detinguy@test.com', '2 Rue Joubert', null, 'bdetinguy', 'ZGvmruqNTUzaMiInNW3AUBd+g3DtO3erTqMnnA3Q91g=', 'BlEc4RttrmFXgfU6kKsj6jnZUoM=');
INSERT INTO `client`(id, ville_id, nom, prenom, dateDeNaissance, numeroFixe, numeroPort, email, adresse, complementAdresse, login, password, salt) VALUES (2, 2, 'RONDAL', 'Pierre', '1955-10-14','01.38.23.68.74', '06.28.48.37.18', 'p.rondal@test.com', '26 Rue Montparnasse', 'Immeuble Laroche', 'prondal', '6TJqLc/hQ1Y45Kt6VkUz/iwG7SIoOtCvV2cxzWrr8Xc=', '0kohuHk8Quy7/MVgbzBoqL6R6n4=');
INSERT INTO `client`(id, ville_id, nom, prenom, dateDeNaissance, numeroFixe, numeroPort, email, adresse, complementAdresse, login, password, salt) VALUES (3, 3, 'DUPUIS', 'Sébastien', '1987-11-29','01.85.85.58.23', '06.85.85.58.55', 's.dupuis@test.com', '25 Rue du Parc', null, 'sdupuis', 'zbt7Q0y6nDnif4YUv2ebx/ti6Nwi7Y3xyt/UVVyO9MI=', 'Ioq6PVdc3yHt+/dqQ6Q+1juKlgc=');
INSERT INTO `client`(id, ville_id, nom, prenom, dateDeNaissance, numeroFixe, numeroPort, email, adresse, complementAdresse, login, password, salt) VALUES (4, 4, 'MARCHAND', 'Claire', '1977-01-12','01.85.85.58.23', '06.85.85.58.55', 'c.marchand@test.com', '28 Rue de la République', null, 'cmarchand', 'QPSoAo18/OjRDtBqRQQNuWRFB4FIIvbkYsrU3wu7Nyg=', 'F8FUjZR/d9KY9iycxBJ8aYtY50M=');
INSERT INTO `client`(id, ville_id, nom, prenom, dateDeNaissance, numeroFixe, numeroPort, email, adresse, complementAdresse, login, password, salt) VALUES (5, 5, 'DUPOND', 'Michel', '1976-09-01','01.85.15.18.23', '06.15.15.28.85', 'm.depond@test.com', '2 Rue du Général Leclerc', 'Résidence du parc', 'mdupond', 'qNVgpG1KlmBOwbaHQuGcLqIH3gFIkl0INfxNDKitVTk=', 'IUDK9QF6h0ATUXbY96W+CQlgAEc=');
INSERT INTO `client`(id, ville_id, nom, prenom, dateDeNaissance, numeroFixe, numeroPort, email, adresse, complementAdresse, login, password, salt) VALUES (6, 6, 'MARTIN', 'Leo', '1987-01-02','01.85.86.56.63', '06.65.86.28.55', 'l.martin@test.com', '12 Rue Joubert', null, 'lmartin', 'ekyqI3mD/DEXLBVBxA7UEULgJu/6xVp6y5uhcm74uw0=', '/SJoMXtIKKQTwamE77KTjB8sEik=');
INSERT INTO `client`(id, ville_id, nom, prenom, dateDeNaissance, numeroFixe, numeroPort, email, adresse, complementAdresse, login, password, salt) VALUES (7, 7, 'PETIT', 'Martin', '1978-12-13','01.85.22.28.24', '06.85.65.78.98', 'm.petit@test.com', '28 Allée des Dames', null, 'mpetit', 'SQLndfn3HO87NW4onUkiPDpF5EBmmLsS4u4ozPT97aY=', 'belxyRHxPsjGJ2gzTe8J2R1EWZ4=');
INSERT INTO `client`(id, ville_id, nom, prenom, dateDeNaissance, numeroFixe, numeroPort, email, adresse, complementAdresse, login, password, salt) VALUES (8, 8, 'MARTIN', 'Leo', '1987-01-12','01.85.86.56.63', '06.65.86.28.55', 'l.martin@test.com', '12 Rue Joubert', null, 'lmartin', 'Sh7q6mCZJpd381gLzMMxAm59CRGgCKsQs43otTWBsfs=', 'vg+U2TJQvXWHywepJyfwYxmWfas=');
INSERT INTO `client`(id, ville_id, nom, prenom, dateDeNaissance, numeroFixe, numeroPort, email, adresse, complementAdresse, login, password, salt) VALUES (9, 9, 'BERNARD', 'Michel', '1976-11-15','01.85.35.53.33', '06.97.75.87.69', 'm.bernard@test.com', '8 Allée des Roseaux', null, 'mbernard', 'CUfzY5lnHngQ7zOE7QtQO4dzbdJ1SyEuVgXunmUamGk=', 'RHP37vivEk6ZMxBFAT3EwHsGM8E=');
INSERT INTO `client`(id, ville_id, nom, prenom, dateDeNaissance, numeroFixe, numeroPort, email, adresse, complementAdresse, login, password, salt) VALUES (10, 10, 'THOMAS', 'Jules', '1974-12-18','01.85.45.48.24', '06.12.23.34.45', 'j.thomas@test.com', '28 Allée Verte', 'Immeuble Lazulli', 'jthomas', '4A/mTtKvWhd6VPmXhqYB9rBA27GMvQNQCvxyaayyqB8=', 'if/6acgToUTfovtUSN37/R8V7+c=');
INSERT INTO `client`(id, ville_id, nom, prenom, dateDeNaissance, numeroFixe, numeroPort, email, adresse, complementAdresse, login, password, salt) VALUES (11, 21, 'MARTIN', 'Martine', '1975-09-03','04.85.55.18.13', '06.45.12.11.95', 'm.martin@test.com', '28 Rue Vivaldi', null, 'mmartin', 'MTnw1BeB07lU+/6hxMo+PSru8/3zvhR0MiomAgeBPSA=', 'sIYahqPGkZ8HS1Ah5fGi6zjeY0s=');
INSERT INTO `client`(id, ville_id, nom, prenom, dateDeNaissance, numeroFixe, numeroPort, email, adresse, complementAdresse, login, password, salt) VALUES (12, 22, 'PREVOST', 'Damien', '1976-12-05','04.85.12.13.33', '06.12.13.14.69', 'm.bernard@test.com', '8 Avenue Mozart', null, 'dprevost', 'rgQSucStUzuqGN7K4UKd39gFGuzTavAvZhi9YWZimg4=', 'Ru7lTlLy9SM0LX1t3DGkPs3Sjdc=');	
INSERT INTO `client`(id, ville_id, nom, prenom, dateDeNaissance, numeroFixe, numeroPort, email, adresse, complementAdresse, login, password, salt) VALUES (13, 23, 'CHARPENTIER', 'Jocelyne', '1974-10-04','04.85.12.06.24', '06.06.23.74.45', 'j.charpentier@test.com', '28 Rue Chopin', null, 'jcharpentier', 'qfAnbXqUUXtwHhEAIY4W+Ptr3rFEiZJdl0IWYozzvfM=', 'glzyblDq6gTSqiSsVmNmvNBN0vo=');	
INSERT INTO `client`(id, ville_id, nom, prenom, dateDeNaissance, numeroFixe, numeroPort, email, adresse, complementAdresse, login, password, salt) VALUES (14, 24, 'GERMAIN', 'Lisa', '1981-09-05','04.85.15.28.13', '06.75.12.01.95', 'l.germain@test.com', '15 Boulevard du Crépuscule', null, 'lgermain', '3zeO6zdWU5lOOdMUg5Olo51bjMZF2CJbSX2DvMk0rIA=', 'ONTb1+p3wjZeriu9QaTVMRUg4TA=');	
INSERT INTO `client`(id, ville_id, nom, prenom, dateDeNaissance, numeroFixe, numeroPort, email, adresse, complementAdresse, login, password, salt) VALUES (15, 25, 'BRETON', 'Sophie', '1982-11-06','04.85.19.17.33', '06.77.05.87.09', 's.breton@test.com', '8 Allée Beethoven', null, 'sbreton', 'WRb0rVU1kE12PeaeraBKHWsAzDYw5C4LJ8IGklbvZeg=', '/6AAu8+HZZO7YcbpS/49/Aanazg=');	
INSERT INTO `client`(id, ville_id, nom, prenom, dateDeNaissance, numeroFixe, numeroPort, email, adresse, complementAdresse, login, password, salt) VALUES (16, 26, 'DUMAS', 'Sonia', '1982-10-07','04.85.45.48.24', '06.12.23.34.45', 's.dumas@test.com', '28 Rue de la Galcière', null, 'sdumas', 'ToJYsAbUNhf4WgMn+tfz5srnx2lioeMCSK5PMhrL4Bw=', 'NLzSt+K2+pr5wHAdYY4L+uWGt4k=');
INSERT INTO `client`(id, ville_id, nom, prenom, dateDeNaissance, numeroFixe, numeroPort, email, adresse, complementAdresse, login, password, salt) VALUES (17, 2, 'ZABLOT','Amine','1983-07-20', '01.45.45.48.24', '06.12.23.34.45', 'adminsitrateur@cooperactive.fr', '30 Rue Danielle Casanova', null, 'admin', 'R5qhqUchf8XGhcI50TQUy+eVBaJAPyV8BSPU1B1bsuo=', 'ZJ4WcFDtYCr7ff3+l2mIci4t3fk=');
INSERT INTO `client`(id, ville_id, nom, prenom, dateDeNaissance, numeroFixe, numeroPort, email, adresse, complementAdresse, login, password, salt) VALUES (18, 13, 'ABIZMIL','Simon','1978-03-21', '01.45.46.47.48', '06.12.23.34.45', 's.abizmil@test.com', '30 Rue des Gobelins', null, 'sabizmil', 'XrIxiXohr/7mZDzCKYy5CbpD+ldLH9oNYu5HDwDcDX4=', 'C0gFk1bxwBLdIS1HPoOzhuAsA4Y=');
INSERT INTO `client`(id, ville_id, nom, prenom, dateDeNaissance, numeroFixe, numeroPort, email, adresse, complementAdresse, login, password, salt) VALUES (19, 27, 'BOUCHON','Marcel','1974-03-29', '04.41.37.15.36', '06.27.23.34.15', 'm.bouchon@test.com', '10 Rue de la Place Arrais', null, 'mbouchon', 'jqEWZ8pGXVeLp86r66E1peReomR1+HxQLJietW0sl1I=', 'fQ4QqFEkrrlhbs7zcfMEjssjtKQ=');

INSERT INTO `fournisseur` (id, ville_id, nom, numeroFixe, numeroPort, email, adresse, complementAdresse) VALUES (1, 31, 'FERME DES CHARMES', '01.34.85.13.21', '06.80.80.80.80', 'lescharmes@test.fr', '120 Rue de Saint Robert', 'Hameau de Saint Robert');
INSERT INTO `fournisseur` (id, ville_id, nom, numeroFixe, numeroPort, email, adresse, complementAdresse) VALUES (2, 32, 'LE VERGER DE SOPHIE', '01.34.85.29.78', '06.90.90.90.90', 'vergerdesophie@test.fr', '10 Route de Clairefontaine', null);
INSERT INTO `fournisseur` (id, ville_id, nom, numeroFixe, numeroPort, email, adresse, complementAdresse) VALUES (3, 33, 'LA FERME DU BOUT DES PRES', '04.85.45.48.25', '06.70.70.70.70', 'fermeduboutdespres@test.fr', '18 Chemin de Traverse', null);
INSERT INTO `fournisseur` (id, ville_id, nom, numeroFixe, numeroPort, email, adresse, complementAdresse) VALUES (4, 34, 'JOZIACK CLEMENT', '04.89.78.28.15', '06.60.60.60.60', 'cjoziack@test.fr', '28 rue de Prédecelle', 'La Filollière');

INSERT INTO `categorie`(id, nomCategorie) VALUES (1, 'Toutes les catégories');
INSERT INTO `categorie`(id, nomCategorie) VALUES (2, 'Fruits Frais');
INSERT INTO `categorie`(id, nomCategorie) VALUES (3, 'Légumes Frais');
INSERT INTO `categorie`(id, nomCategorie) VALUES (4, 'Salades');
INSERT INTO `categorie`(id, nomCategorie) VALUES (5, 'Herbes aromatiques');
INSERT INTO `categorie`(id, nomCategorie) VALUES (6, 'Condiments');


INSERT INTO `article`(id, categorie_id, nom, descriptif, image , imageMini, quantiteVendue, prix, prixKilo) VALUES (1, 6, 'Ail', 'Ail blanc avec 3 têtes pour parfumer tous vos plats. Origine / Calibre: 250 gr - France - Cal 50/70 - Catégorie : 1', 'ail.jpg', 'ail125px.jpg', '0.250', '1.99', '7.96');
INSERT INTO `article`(id, categorie_id, nom, descriptif, image , imageMini, quantiteVendue, prix, prixKilo) VALUES (2, 3, 'Carottes', 'La carotte est un légume qui se consomme en toutes saisons. Délicieuse, elle est riche en bêta-carotène, en provitamine A, en minéraux et pauvre en calories.  Origine / Calibre : 1 kg - France - Cal 20/40 - Catégorie : 2', 'carotte.jpg', 'carotte125px.jpg', '1.00', '2.88', '2.88');
INSERT INTO `article`(id, categorie_id, nom, descriptif, image , imageMini, quantiteVendue, prix, prixKilo) VALUES (3, 3, 'Celeri Rave', 'Ingrédient de base du fameux céleri rémoulade, sa chair parfumée donne aussi de délicieux gratins ou purées savoureuses. Riche en fibres, il comporte du potassium, du calcium, du fer, des oligoéléments.  Origine / Calibre : 750 gr - France - Catégorie : 1', 'celeri.jpg', 'celeri125px.jpg' , '0.75', '2.99', '3.99');
INSERT INTO `article`(id, categorie_id, nom, descriptif, image , imageMini, quantiteVendue, prix, prixKilo) VALUES (4, 3, 'Chou Rouge', 'Ce chou rouge Pomona se déguste aussi bien chaud que froid. Riche en fibres et minéraux, le chou est un allié de taille contre la fatigue et possède de nombreuses propriétés antioxydantes. Origine / Calibre : 1.3 kg env - France - Cal 6 - Catégorie : 1', 'chouRouge.jpg', 'chouRouge125px.jpg' , '1.3', '4.28', '2.99');
INSERT INTO `article`(id, categorie_id, nom, descriptif, image , imageMini, quantiteVendue, prix, prixKilo) VALUES (5, 3, 'Chou Vert', 'Légume incontournable de la cuisine rustique, le chou vert peut être cuisiné de multiples façons.  Origine / Calibre : 1.3 kg - France - Cal 6 - Catégorie : 1', 'chouVert.jpg', 'chouVert125px.jpg' , '1.3', '3.93', '3.28');
INSERT INTO `article`(id, categorie_id, nom, descriptif, image , imageMini, quantiteVendue, prix, prixKilo) VALUES (6, 5, 'Ciboulette fraîche', 'Bouquet de ciboulette fraîche de 20 g pour agrémenter toutes vos recettes. Origine / Calibre : 20 gr - France - Catégorie : 1', 'ciboulette.jpg', 'ciboulette125px.jpg' ,'0.02', '1.44', '72.00');
INSERT INTO `article`(id, categorie_id, nom, descriptif, image , imageMini, quantiteVendue, prix, prixKilo) VALUES (7, 2, 'Citron jaune', 'Filet d''environ 500 g de citrons biologiques. Origine / Calibre : 1 filet 500 gr env - France - Catégorie : 1', 'citron.jpg', 'citron125px.jpg' , '0.5', '2.23', '4.46');
INSERT INTO `article`(id, categorie_id, nom, descriptif, image , imageMini, quantiteVendue, prix, prixKilo) VALUES (8, 2, 'Clémentine', 'La chair sucrée et douce de la clémentine, la classe première au hit-parade des agrumes. Ouvrez la clémentine en quartiers avec tendresse, avant de la déguster. Origine / Calibre : 1 kg - France - Cal : 2 - Catégorie : 1', 'clementine.jpg', 'clementine125px.jpg' , '0.50', '3.99', '3.99');
INSERT INTO `article`(id, categorie_id, nom, descriptif, image , imageMini, quantiteVendue, prix, prixKilo) VALUES (9, 3, 'Courge butternut', 'Préparez une soupe de courge butternut ou un délicieux velouté ou encore une savoureuse purée qui sera doucement sucrée et musquée. Origine / Calibre : 1.2 kg - France - Catégorie : 1', 'courgeButternut.jpg', 'courgeButternut125px.jpg' , '1.00', '3.95', '3.95');
INSERT INTO `article`(id, categorie_id, nom, descriptif, image , imageMini, quantiteVendue, prix, prixKilo) VALUES (10, 3, 'Endives', 'L''endive est un des légumes les plus simples à préparer. Crue, cuite, en salade, vous n''avez que l''embarras du choix . Origine / Calibre : 1 kg - France - Catégorie : 1', 'endive.jpg', 'endive125px.jpg' , '1.00', '2.97', '2.97');
INSERT INTO `article`(id, categorie_id, nom, descriptif, image , imageMini, quantiteVendue, prix, prixKilo) VALUES (11, 2, 'Kiwis', 'Originaire de Chine, puis implanté en Nouvelle-Zélande, ce fruit fut implanté en France dans les années 70. Il peut se consommer plus ou moins mûr selon que vous le préfériez fondant et sucré ou bien plus ferme et un rien acidulé. Origine / Calibre : 6 fruits - 500 gr- France - Catégorie : 1', 'kiwi.jpg',  'kiwi125px.jpg' , '0.50', '4.65', '9.30');
INSERT INTO `article`(id, categorie_id, nom, descriptif, image , imageMini, quantiteVendue, prix, prixKilo) VALUES (12, 4, 'Laitue iceberg', 'Laitue iceberg pour une salade croquante. Origine / Calibre : 6 fruits - 500 gr - France - Catégorie : 1', 'laitueIceberg.jpg', 'laitueIceberg125px.jpg' , '0.5', '2.50', '5.00');
INSERT INTO `article`(id, categorie_id, nom, descriptif, image , imageMini, quantiteVendue, prix, prixKilo) VALUES (13, 5, 'Laurier sec', 'Le composant indispensable du fameux "bouquet garni". Origine / Calibre : 30 gr - France - Catégorie : 2', 'laurier.jpg', 'laurier125px.jpg' , '0.03', '1.57', '52.33');
INSERT INTO `article`(id, categorie_id, nom, descriptif, image , imageMini, quantiteVendue, prix, prixKilo) VALUES (14, 3, 'Navet', 'Au même titre que la carotte et le poireau, le navet fait partie de la trilogie des légumes dits basiques. Il est surtout apprécié au printemps pour sa saveur douce de primeur et en hiver pour la préparation de soupes et de pot-au-feu. Origine / Calibre : 500 gr - France - Cal : 40/60 - Catégorie : 1.', 'navet.jpg', 'navet125px.jpg' , '0.50', '2.94', '5.88');
INSERT INTO `article`(id, categorie_id, nom, descriptif, image , imageMini, quantiteVendue, prix, prixKilo) VALUES (15, 6, 'Oignon botte', 'L''oignon en botte est un condiment dont l''usage est très répandu en cuisine. Son parfum est plus doux que son cousin l''oignon "blanc". Il est donc conseillé de le déguster cru en salade afin de profiter pleinement de sa saveur. Origine / Calibre : 150 gr - France - Catégorie : 1.', 'oignonBotte.jpg', 'oignonBotte125px.jpg' , '0.15', '2.96', '19.73');
INSERT INTO `article`(id, categorie_id, nom, descriptif, image , imageMini, quantiteVendue, prix, prixKilo) VALUES (16, 6, 'Oignon jaune', 'Oignons jaunes issus de l''agriculture biologique, le filet de 500 g. Origine / calibre * : 500 g - France - Cal 40/60 - Catégorie : 2', 'oignonJaune.jpg', 'oignonJaune125px.jpg' , '0.500', '2.23', '4.46');
INSERT INTO `article`(id, categorie_id, nom, descriptif, image , imageMini, quantiteVendue, prix, prixKilo) VALUES (17, 6, 'Oignon rouge', 'L''oignon est à la fois un légume et un condiment. Bien que la couleur de sa peau soit bien plus proche du violet que du rouge. L''oignon rouge est légèrement plus sucré que l''oignon jaune, et surtout il s''accorde mieux avec les plats non cuisinés comme les salades, les sandwichs ou hamburgers. Origine / calibre * : 500 gr - France - Cal 50/70 - Catégorie : 1', 'oignonRouge.jpg', 'oignonRouge125px.jpg' , '0.500', '3.64', '7.28');
INSERT INTO `article`(id, categorie_id, nom, descriptif, image , imageMini, quantiteVendue, prix, prixKilo) VALUES (18, 2, 'Orange', 'L''orange, est un fruit très apprécié en hiver. Riche en calcium et en vitamine C, il se consomme : en dessert léger, en en-cas rafraîchissant, ou sous forme de jus, et vous séduira par sa saveur finement acidulée. En cuisine, elle a sa place dans des recettes sucrées ou salées. Produit issu de l''Agriculture Biologique (AB). Origine / calibre * : 4 fruits, 650 gr env - France - Cal 7/8 - Catégorie : 2', 'orange.jpg', 'orange125px.jpg' , '0.650', '2.58', '3.97');
INSERT INTO `article`(id, categorie_id, nom, descriptif, image , imageMini, quantiteVendue, prix, prixKilo) VALUES (19, 3, 'Panais', 'Le panais est une racine d''un joli blanc ivoire à la saveur douce et au petit goût sucré de noisette. Sa forme est plus ou moins allongée selon les variétés. Le panais était déjà cultivé au Moyen Age car on en a retrouvé des traces dans les registres des plantes cultivées dans les monastères à des fins médicales. Il était aussi bien utilisé en tant que plante fourragère que pour l''alimentation humaine. Il est aujourd''hui un peu délaissé en Europe sauf dans les pays nordiques et en Angleterre qui en consomme davantage. Origine / calibre * : 800 g - France - Catégorie : 1.', 'panais.jpg', 'panais125px.jpg' , '0.800', '4.39', '4.99');
INSERT INTO `article`(id, categorie_id, nom, descriptif, image , imageMini, quantiteVendue, prix, prixKilo) VALUES (20, 5, 'Persil frisé', 'L''une des herbes les plus indispensables pour parfumer et orner tous vos plats. Feuillage frisé très fourni. Origine / calibre * : 150 g - France - Catégorie : 1.', 'persilFrise.jpg', 'persilFrise125px.jpg' , '0.150', '2.70', '18.0');
INSERT INTO `article`(id, categorie_id, nom, descriptif, image , imageMini, quantiteVendue, prix, prixKilo) VALUES (21, 2, 'Poires Louise', 'Savourez de délicieuses poires issues de nos terroirs français, juteuses et goûteuses, les poires ont de nombreuses vertus. Barquette de 4 fruits soit environ 800 g. Origine / calibre * : 4 fruits, 800 gr env - France - Cal 60/65 - Catégorie : 1', 'poire.jpg', 'poire125px.jpg' , '0.800', '4.31', '4.90');
INSERT INTO `article`(id, categorie_id, nom, descriptif, image , imageMini, quantiteVendue, prix, prixKilo) VALUES (22, 3, 'Poireaux entiers', 'Le poireau est très ancien car il est connu depuis l''époque des Egyptiens ! En France, il a été introduit par les Romains, mais le terme poireau n''est apparu que récemment. On le dénommait auparavant porreau. En France, au Moyen Age, le poireau était considéré comme l''aliment de base des gens pauvres. Il existe actuellement une dizaine de variétés qui sont cultivées de septembre à mars. Origine / calibre * : 1 kg - France - Catégorie : 1', 'poireau.jpg', 'poireau125px.jpg' , '1', '4.82', '4.82');
INSERT INTO `article`(id, categorie_id, nom, descriptif, image , imageMini, quantiteVendue, prix, prixKilo) VALUES (23, 2, 'Pommes Canada Grise', 'Savourez ces pommes Canada. Vergers d''altitude à l''exploitation familiale. Barquette de 4 fruits soit 750 g environ. Origine / calibre * : 4 fruits - 750 g environ - France - Cal : 170/200 - Catégorie : 1.', 'pommeCanada.jpg', 'pommeCanada125px.jpg', '0.750', '4.04', '4.90');
INSERT INTO `article`(id, categorie_id, nom, descriptif, image , imageMini, quantiteVendue, prix, prixKilo) VALUES (24, 2, 'Pommes Chanteclerc', 'Cette pomme est excellente ! Sa chair fine et fondante dégage une saveur à la fois sucrée et acidulée, très aromatique. Elle a une forme légèrement aplatie et une robe très caractéristique, jaune or, un peu rugueuse et parsemée de lenticelles qui lui donne un aspect rustique. On la déguste d''octobre à juin. La pomme Chanteclerc est très polyvalente ! Elle se consomme en tarte, cuite au four ou pour accompagner tous vos plats. Elle est idéale pour la réalisation de vos tartes Tatin... Avis aux amateurs ! Origine / calibre * : 4 fruits - 850 g environ - France - Cal : 170/200.', 'pommeChanteclerc.jpg', 'pommeChanteclerc125px.jpg', '0.850', '4.67', '4.99');
INSERT INTO `article`(id, categorie_id, nom, descriptif, image , imageMini, quantiteVendue, prix, prixKilo) VALUES (25, 3, 'Pommes de terre blanches', 'Sa forme oblongue et régulière, sa taille moyenne, sa peau fine donne à cette pomme de terre blonde, variété à chair ferme une très belle allure, offrant une présentation impeccable à table. Ses atouts sont sa bonne productivité et ses excellentes qualités gustatives, particulièrement en friture, vapeur et salade. Origine / calibre * : 2,5 kg - France - Cal : 35+ - Catégorie 1', 'pommeDeTerre.jpg', 'pommeDeTerre125px.jpg' , '2.5', '4.99', '2.00');
INSERT INTO `article`(id, categorie_id, nom, descriptif, image , imageMini, quantiteVendue, prix, prixKilo) VALUES (26, 3, 'Pommes de terre rouges', 'Pommes de terre rouge de saison à la chair ferme, idéales pour préparer vos salades, pommes sautées ou pomme vapeur. Filet de 2,5 kg de pommes de terre rouge. Origine / calibre * : 2,5 kg - France - Cal 35+ - Catégorie : 1', 'pommeDeTerreRouge.jpg', 'pommeDeTerreRouge125px.jpg', '2.5', '4.99', '2.00');
INSERT INTO `article`(id, categorie_id, nom, descriptif, image , imageMini, quantiteVendue, prix, prixKilo) VALUES (27, 2, 'Pomme Golden', 'Chargée de symboles et de mythes, la pomme était déjà appréciée dans le monde antique. Aujourd''hui encore, c''est le fruit le plus consommé en France. La golden est une petite pomme jaune doré, présente toute l''année sur nos étals. Origine / calibre * : 2 Kg - France - Cal 85/115 - 95/115 - Catégorie : 2', 'pommeGolden.jpg', 'pommeGolden125px.jpg', '2', '3.99', '2.00');
INSERT INTO `article`(id, categorie_id, nom, descriptif, image , imageMini, quantiteVendue, prix, prixKilo) VALUES (28, 4, 'Salade Batavia', 'Cultivée selon une agriculture raisonnée, la récolte garantit un produit plus frais et plus qualitatif. Batavia en sachet ou en barquette, la pièce. Origine / calibre * : 1 pièce - France - Cal 350G - Catégorie : 1', 'saladeBatavia.jpg', 'saladeBatavia125px.jpg', '1', '1.68', '4.20');
INSERT INTO `article`(id, categorie_id, nom, descriptif, image , imageMini, quantiteVendue, prix, prixKilo) VALUES (29, 4, 'Salade coeur de romaine', 'Salade coeur de Romaine, salade connue pour son coeur ferme et aux feuilles craquantes. Sachet de 2 pièces. Origine / calibre * : 2 pièces - France - Catégorie : 1', 'saladeCoeurDeRomaine.jpg', 'saladeCoeurDeRomaine125px.jpg', '2', '4.40', '6.29');
INSERT INTO `article`(id, categorie_id, nom, descriptif, image , imageMini, quantiteVendue, prix, prixKilo) VALUES (30, 5, 'Thym sec', 'Le thym est une plante aromatique qui se reconnaît à ses petites feuilles gris-vert. Il provient de la région méditerranéenne. Il s''harmonise bien avec le romarin, la marjolaine, la sauge et la sarriette. Il est l''un des composants du bouquet garni et il aromatise très bien les vinaigres. Origine / calibre * : 30 G - France - Catégorie : 2', 'thym.jpg', 'thym125px.jpg', '0.030', '1.57', '52.33');


INSERT INTO `stock`(id, article_id, quantiteDispoSiteInternet, quantiteDispoPhysique) VALUES (1, 1, 75, 75);
INSERT INTO `stock`(id, article_id, quantiteDispoSiteInternet, quantiteDispoPhysique) VALUES (2, 2, 150, 150);
INSERT INTO `stock`(id, article_id, quantiteDispoSiteInternet, quantiteDispoPhysique) VALUES (3, 3, 110, 110);
INSERT INTO `stock`(id, article_id, quantiteDispoSiteInternet, quantiteDispoPhysique) VALUES (4, 4, 115, 115);
INSERT INTO `stock`(id, article_id, quantiteDispoSiteInternet, quantiteDispoPhysique) VALUES (5, 5, 120, 120);
INSERT INTO `stock`(id, article_id, quantiteDispoSiteInternet, quantiteDispoPhysique) VALUES (6, 6, 75, 75);
INSERT INTO `stock`(id, article_id, quantiteDispoSiteInternet, quantiteDispoPhysique) VALUES (7, 7, 130, 130);
INSERT INTO `stock`(id, article_id, quantiteDispoSiteInternet, quantiteDispoPhysique) VALUES (8, 8, 150, 150);
INSERT INTO `stock`(id, article_id, quantiteDispoSiteInternet, quantiteDispoPhysique) VALUES (9, 9, 115, 115);
INSERT INTO `stock`(id, article_id, quantiteDispoSiteInternet, quantiteDispoPhysique) VALUES (10, 10, 75, 75);
INSERT INTO `stock`(id, article_id, quantiteDispoSiteInternet, quantiteDispoPhysique) VALUES (11, 11, 90, 90);
INSERT INTO `stock`(id, article_id, quantiteDispoSiteInternet, quantiteDispoPhysique) VALUES (12, 12, 150, 150);
INSERT INTO `stock`(id, article_id, quantiteDispoSiteInternet, quantiteDispoPhysique) VALUES (13, 13, 225, 225);
INSERT INTO `stock`(id, article_id, quantiteDispoSiteInternet, quantiteDispoPhysique) VALUES (14, 14, 195, 195);
INSERT INTO `stock`(id, article_id, quantiteDispoSiteInternet, quantiteDispoPhysique) VALUES (15, 15, 120, 120);
INSERT INTO `stock`(id, article_id, quantiteDispoSiteInternet, quantiteDispoPhysique) VALUES (16, 16, 80, 80);
INSERT INTO `stock`(id, article_id, quantiteDispoSiteInternet, quantiteDispoPhysique) VALUES (17, 17, 80, 80);
INSERT INTO `stock`(id, article_id, quantiteDispoSiteInternet, quantiteDispoPhysique) VALUES (18, 18, 100, 100);
INSERT INTO `stock`(id, article_id, quantiteDispoSiteInternet, quantiteDispoPhysique) VALUES (19, 19, 50, 50);
INSERT INTO `stock`(id, article_id, quantiteDispoSiteInternet, quantiteDispoPhysique) VALUES (20, 20, 40, 40);
INSERT INTO `stock`(id, article_id, quantiteDispoSiteInternet, quantiteDispoPhysique) VALUES (21, 21, 80, 80);
INSERT INTO `stock`(id, article_id, quantiteDispoSiteInternet, quantiteDispoPhysique) VALUES (22, 22, 80, 80);
INSERT INTO `stock`(id, article_id, quantiteDispoSiteInternet, quantiteDispoPhysique) VALUES (23, 23, 100, 100);
INSERT INTO `stock`(id, article_id, quantiteDispoSiteInternet, quantiteDispoPhysique) VALUES (24, 24, 35, 35);
INSERT INTO `stock`(id, article_id, quantiteDispoSiteInternet, quantiteDispoPhysique) VALUES (25, 25, 40, 40);
INSERT INTO `stock`(id, article_id, quantiteDispoSiteInternet, quantiteDispoPhysique) VALUES (26, 26, 45, 45);
INSERT INTO `stock`(id, article_id, quantiteDispoSiteInternet, quantiteDispoPhysique) VALUES (27, 27, 25, 25);
INSERT INTO `stock`(id, article_id, quantiteDispoSiteInternet, quantiteDispoPhysique) VALUES (28, 28, 20, 20);
INSERT INTO `stock`(id, article_id, quantiteDispoSiteInternet, quantiteDispoPhysique) VALUES (29, 29, 30, 30);
INSERT INTO `stock`(id, article_id, quantiteDispoSiteInternet, quantiteDispoPhysique) VALUES (30, 30, 40, 40);

INSERT INTO `approvisionnement`(id, article_id, stock_id, fournisseur_id, dateApprovisionnement, datePeremption, lot, prix, quantiteCommandee, quantiteRestante) VALUES (1, 1, 1, 1, '2019-03-04', '2019-05-01', 'A78EF48', '175.00', '50', '50');
INSERT INTO `approvisionnement`(id, article_id, stock_id, fournisseur_id, dateApprovisionnement, datePeremption, lot, prix, quantiteCommandee, quantiteRestante) VALUES (2, 1, 1, 1, '2019-03-04', '2019-04-13', 'A78EF75', '90.00', '25', '25');
INSERT INTO `approvisionnement`(id, article_id, stock_id, fournisseur_id, dateApprovisionnement, datePeremption, lot, prix, quantiteCommandee, quantiteRestante) VALUES (3, 2, 2, 1, '2019-03-04', '2019-05-01', 'B78FQ49', '190.00', '100', '100');
INSERT INTO `approvisionnement`(id, article_id, stock_id, fournisseur_id, dateApprovisionnement, datePeremption, lot, prix, quantiteCommandee, quantiteRestante) VALUES (4, 2, 2, 1, '2019-03-04', '2019-04-13', 'B78FQ15', '95.00', '50', '50');
INSERT INTO `approvisionnement`(id, article_id, stock_id, fournisseur_id, dateApprovisionnement, datePeremption, lot, prix, quantiteCommandee, quantiteRestante) VALUES (5, 3, 3, 2, '2019-03-04', '2019-05-01', 'C78GF50', '150.00', '75', '75');
INSERT INTO `approvisionnement`(id, article_id, stock_id, fournisseur_id, dateApprovisionnement, datePeremption, lot, prix, quantiteCommandee, quantiteRestante) VALUES (6, 3, 3, 2, '2019-03-04', '2019-04-13', 'C78GF48', '75.00', '35', '35');
INSERT INTO `approvisionnement`(id, article_id, stock_id, fournisseur_id, dateApprovisionnement, datePeremption, lot, prix, quantiteCommandee, quantiteRestante) VALUES (7, 4, 4, 2, '2019-04-04', '2019-05-01', 'D78HF51', '200.00', '75', '75');
INSERT INTO `approvisionnement`(id, article_id, stock_id, fournisseur_id, dateApprovisionnement, datePeremption, lot, prix, quantiteCommandee, quantiteRestante) VALUES (8, 4, 4, 2, '2019-04-04', '2019-04-13', 'D78HF75', '105.00', '40', '40');
INSERT INTO `approvisionnement`(id, article_id, stock_id, fournisseur_id, dateApprovisionnement, datePeremption, lot, prix, quantiteCommandee, quantiteRestante) VALUES (9, 5, 5, 2, '2019-04-04', '2019-05-01', 'E78IF52', '203.00', '80', '80');
INSERT INTO `approvisionnement`(id, article_id, stock_id, fournisseur_id, dateApprovisionnement, datePeremption, lot, prix, quantiteCommandee, quantiteRestante) VALUES (10, 5, 5, 2, '2019-04-04', '2019-04-13', 'E78IF75', '102.00', '40', '40');
INSERT INTO `approvisionnement`(id, article_id, stock_id, fournisseur_id, dateApprovisionnement, datePeremption, lot, prix, quantiteCommandee, quantiteRestante) VALUES (11, 6, 6, 2, '2019-04-04', '2019-05-01', 'F78JF53', '157.00', '50', '50');
INSERT INTO `approvisionnement`(id, article_id, stock_id, fournisseur_id, dateApprovisionnement, datePeremption, lot, prix, quantiteCommandee, quantiteRestante) VALUES (12, 6, 6, 2, '2019-04-04', '2019-04-13', 'F78JF47', '79.00', '25', '25');
INSERT INTO `approvisionnement`(id, article_id, stock_id, fournisseur_id, dateApprovisionnement, datePeremption, lot, prix, quantiteCommandee, quantiteRestante) VALUES (13, 7, 7, 3, '2019-04-04', '2019-05-01', 'G78KF54', '145.00', '60', '60');
INSERT INTO `approvisionnement`(id, article_id, stock_id, fournisseur_id, dateApprovisionnement, datePeremption, lot, prix, quantiteCommandee, quantiteRestante) VALUES (14, 7, 7, 3, '2019-04-04', '2019-04-13', 'G78KF35', '77.00', '30', '30');
INSERT INTO `approvisionnement`(id, article_id, stock_id, fournisseur_id, dateApprovisionnement, datePeremption, lot, prix, quantiteCommandee, quantiteRestante) VALUES (15, 8, 8, 3, '2019-04-04', '2019-05-01', 'H78LF55', '250.00', '100', '100');
INSERT INTO `approvisionnement`(id, article_id, stock_id, fournisseur_id, dateApprovisionnement, datePeremption, lot, prix, quantiteCommandee, quantiteRestante) VALUES (16, 8, 8, 3, '2019-04-04', '2019-04-13', 'H78LF53', '125.00', '50', '50');
INSERT INTO `approvisionnement`(id, article_id, stock_id, fournisseur_id, dateApprovisionnement, datePeremption, lot, prix, quantiteCommandee, quantiteRestante) VALUES (17, 9, 9, 3, '2019-04-04', '2019-05-01', 'I78MF56', '193.00', '75', '75');
INSERT INTO `approvisionnement`(id, article_id, stock_id, fournisseur_id, dateApprovisionnement, datePeremption, lot, prix, quantiteCommandee, quantiteRestante) VALUES (18, 9, 9, 3, '2019-04-04', '2019-04-18', 'I78MF53', '100.00', '40', '40');
INSERT INTO `approvisionnement`(id, article_id, stock_id, fournisseur_id, dateApprovisionnement, datePeremption, lot, prix, quantiteCommandee, quantiteRestante) VALUES (19, 10, 10, 4, '2019-04-04', '2019-05-01', 'J78NF57', '141.00', '50', '50');
INSERT INTO `approvisionnement`(id, article_id, stock_id, fournisseur_id, dateApprovisionnement, datePeremption, lot, prix, quantiteCommandee, quantiteRestante) VALUES (20, 10, 10, 4, '2019-04-04', '2019-04-13', 'J78NF47', '70.50', '25', '25');
INSERT INTO `approvisionnement`(id, article_id, stock_id, fournisseur_id, dateApprovisionnement, datePeremption, lot, prix, quantiteCommandee, quantiteRestante) VALUES (21, 11, 11, 4, '2019-04-04', '2019-05-01', 'K78OF58', '124.00', '60', '60');
INSERT INTO `approvisionnement`(id, article_id, stock_id, fournisseur_id, dateApprovisionnement, datePeremption, lot, prix, quantiteCommandee, quantiteRestante) VALUES (22, 11, 11, 4, '2019-04-04', '2019-04-13', 'K78OF42', '62.00', '30', '30');
INSERT INTO `approvisionnement`(id, article_id, stock_id, fournisseur_id, dateApprovisionnement, datePeremption, lot, prix, quantiteCommandee, quantiteRestante) VALUES (23, 12, 12, 4, '2019-04-04', '2019-05-01', 'L78PF59', '149.00', '100', '100');
INSERT INTO `approvisionnement`(id, article_id, stock_id, fournisseur_id, dateApprovisionnement, datePeremption, lot, prix, quantiteCommandee, quantiteRestante) VALUES (24, 12, 12, 4, '2019-04-04', '2019-04-13', 'L78PF35', '75.00', '50', '50');
INSERT INTO `approvisionnement`(id, article_id, stock_id, fournisseur_id, dateApprovisionnement, datePeremption, lot, prix, quantiteCommandee, quantiteRestante) VALUES (25, 13, 13, 4, '2019-04-04', '2019-05-01', 'M78QF60', '128.00', '150', '150');
INSERT INTO `approvisionnement`(id, article_id, stock_id, fournisseur_id, dateApprovisionnement, datePeremption, lot, prix, quantiteCommandee, quantiteRestante) VALUES (26, 13, 13, 4, '2019-04-04', '2019-04-18', 'M78QF30', '64.00', '75', '75');
INSERT INTO `approvisionnement`(id, article_id, stock_id, fournisseur_id, dateApprovisionnement, datePeremption, lot, prix, quantiteCommandee, quantiteRestante) VALUES (27, 14, 14, 4, '2019-04-04', '2019-05-01', 'N78RF61', '174.00', '130', '130');
INSERT INTO `approvisionnement`(id, article_id, stock_id, fournisseur_id, dateApprovisionnement, datePeremption, lot, prix, quantiteCommandee, quantiteRestante) VALUES (28, 14, 14, 4, '2019-04-04', '2019-04-18', 'N78RF59', '87.00', '65', '65');
INSERT INTO `approvisionnement`(id, article_id, stock_id, fournisseur_id, dateApprovisionnement, datePeremption, lot, prix, quantiteCommandee, quantiteRestante) VALUES (29, 15, 15, 4, '2019-04-04', '2019-05-01', 'O78SF62', '259.00', '80', '80');
INSERT INTO `approvisionnement`(id, article_id, stock_id, fournisseur_id, dateApprovisionnement, datePeremption, lot, prix, quantiteCommandee, quantiteRestante) VALUES (30, 15, 15, 4, '2019-04-04', '2019-04-18', 'O78SF59', '130.00', '40', '40');
INSERT INTO `approvisionnement`(id, article_id, stock_id, fournisseur_id, dateApprovisionnement, datePeremption, lot, prix, quantiteCommandee, quantiteRestante) VALUES (31, 16, 16, 1, '2019-04-04', '2019-05-01', 'P78TF63', '203.00', '80', '80');
INSERT INTO `approvisionnement`(id, article_id, stock_id, fournisseur_id, dateApprovisionnement, datePeremption, lot, prix, quantiteCommandee, quantiteRestante) VALUES (32, 17, 17, 1, '2019-04-04', '2019-05-01', 'Q78UF64', '147.00', '80', '80');
INSERT INTO `approvisionnement`(id, article_id, stock_id, fournisseur_id, dateApprovisionnement, datePeremption, lot, prix, quantiteCommandee, quantiteRestante) VALUES (33, 18, 18, 1, '2019-04-04', '2019-05-01', 'R78VF65', '214.00', '100', '100');
INSERT INTO `approvisionnement`(id, article_id, stock_id, fournisseur_id, dateApprovisionnement, datePeremption, lot, prix, quantiteCommandee, quantiteRestante) VALUES (34, 19, 19, 1, '2019-04-04', '2019-05-01', 'S78XF66', '167.00', '50', '50');
INSERT INTO `approvisionnement`(id, article_id, stock_id, fournisseur_id, dateApprovisionnement, datePeremption, lot, prix, quantiteCommandee, quantiteRestante) VALUES (35, 20, 20, 1, '2019-04-04', '2019-05-01', 'T78YF67', '121.00', '40', '40');
INSERT INTO `approvisionnement`(id, article_id, stock_id, fournisseur_id, dateApprovisionnement, datePeremption, lot, prix, quantiteCommandee, quantiteRestante) VALUES (36, 21, 21, 1, '2019-04-04', '2019-05-01', 'U78ZF68', '136.00', '80', '80');
INSERT INTO `approvisionnement`(id, article_id, stock_id, fournisseur_id, dateApprovisionnement, datePeremption, lot, prix, quantiteCommandee, quantiteRestante) VALUES (37, 22, 22, 2, '2019-04-04', '2019-05-01', 'V78AF69', '137.00', '80', '80');
INSERT INTO `approvisionnement`(id, article_id, stock_id, fournisseur_id, dateApprovisionnement, datePeremption, lot, prix, quantiteCommandee, quantiteRestante) VALUES (38, 23, 23, 2, '2019-04-04', '2019-05-01', 'X78BF70', '149.00', '100', '100');
INSERT INTO `approvisionnement`(id, article_id, stock_id, fournisseur_id, dateApprovisionnement, datePeremption, lot, prix, quantiteCommandee, quantiteRestante) VALUES (39, 24, 24, 2, '2019-04-04', '2019-05-01', 'Y78CF71', '141.00', '35', '35');
INSERT INTO `approvisionnement`(id, article_id, stock_id, fournisseur_id, dateApprovisionnement, datePeremption, lot, prix, quantiteCommandee, quantiteRestante) VALUES (40, 25, 25, 2, '2019-04-04', '2019-05-01', 'Z78DF72', '123.00', '40', '40');
INSERT INTO `approvisionnement`(id, article_id, stock_id, fournisseur_id, dateApprovisionnement, datePeremption, lot, prix, quantiteCommandee, quantiteRestante) VALUES (41, 26, 26, 3, '2019-04-04', '2019-05-01', 'A78EF73', '125.00', '45', '45');
INSERT INTO `approvisionnement`(id, article_id, stock_id, fournisseur_id, dateApprovisionnement, datePeremption, lot, prix, quantiteCommandee, quantiteRestante) VALUES (42, 27, 27, 3, '2019-04-04', '2019-05-01', 'B78FF74', '196.00', '25', '25');
INSERT INTO `approvisionnement`(id, article_id, stock_id, fournisseur_id, dateApprovisionnement, datePeremption, lot, prix, quantiteCommandee, quantiteRestante) VALUES (43, 28, 28, 3, '2019-04-04', '2019-05-01', 'C78GF75', '147.00', '20', '20');
INSERT INTO `approvisionnement`(id, article_id, stock_id, fournisseur_id, dateApprovisionnement, datePeremption, lot, prix, quantiteCommandee, quantiteRestante) VALUES (44, 29, 29, 3, '2019-04-04', '2019-04-13', 'D78HF76', '177.00', '30', '30');
INSERT INTO `approvisionnement`(id, article_id, stock_id, fournisseur_id, dateApprovisionnement, datePeremption, lot, prix, quantiteCommandee, quantiteRestante) VALUES (45, 30, 30, 4, '2019-04-04', '2019-04-28', 'E78IF77', '171.00', '40', '40');
INSERT INTO `approvisionnement`(id, article_id, stock_id, fournisseur_id, dateApprovisionnement, datePeremption, lot, prix, quantiteCommandee, quantiteRestante) VALUES (46, 7, 7, 4, '2019-04-04', '2019-04-08', 'E78IF12', '171.00', '40', '40');
INSERT INTO `approvisionnement`(id, article_id, stock_id, fournisseur_id, dateApprovisionnement, datePeremption, lot, prix, quantiteCommandee, quantiteRestante) VALUES (47, 18, 18, 4, '2019-04-04', '2019-04-08', 'F8IHG2', '152.00', '40', '40');

INSERT INTO `commande`(id, client_id, dateCreation, dateExpedition, prixTotal) VALUES (1, 1,'2019-04-04', '2019-04-05', '39.96');
INSERT INTO `commande`(id, client_id, dateCreation, dateExpedition, prixTotal) VALUES (2, 1,'2019-03-08', '2019-03-09', '39.96');
INSERT INTO `commande`(id, client_id, dateCreation, dateExpedition, prixTotal) VALUES (3, 1,'2019-02-07', '2019-02-08', '39.96');
INSERT INTO `commande`(id, client_id, dateCreation, dateExpedition, prixTotal) VALUES (4, 1,'2019-01-15', '2019-01-16', '39.96');
INSERT INTO `commande`(id, client_id, dateCreation, dateExpedition, prixTotal) VALUES (5, 2,'2019-04-04', '2019-04-05', '39.96');
INSERT INTO `commande`(id, client_id, dateCreation, dateExpedition, prixTotal) VALUES (6, 2,'2019-03-08', '2019-03-09', '39.96');
INSERT INTO `commande`(id, client_id, dateCreation, dateExpedition, prixTotal) VALUES (7, 2,'2019-02-07', '2019-02-08', '39.96');
INSERT INTO `commande`(id, client_id, dateCreation, dateExpedition, prixTotal) VALUES (8, 2,'2019-01-15', '2019-01-16', '39.96');
INSERT INTO `commande`(id, client_id, dateCreation, dateExpedition, prixTotal) VALUES (9, 3,'2019-04-04', '2019-04-05', '39.96');
INSERT INTO `commande`(id, client_id, dateCreation, dateExpedition, prixTotal) VALUES (10, 3,'2019-03-08', '2019-03-09', '39.96');
INSERT INTO `commande`(id, client_id, dateCreation, dateExpedition, prixTotal) VALUES (11, 3,'2019-02-07', '2019-02-08', '39.96');
INSERT INTO `commande`(id, client_id, dateCreation, dateExpedition, prixTotal) VALUES (12, 3,'2019-01-15', '2019-01-16', '39.96');
INSERT INTO `commande`(id, client_id, dateCreation, dateExpedition, prixTotal) VALUES (13, 4,'2019-04-04', '2019-04-05', '39.96');
INSERT INTO `commande`(id, client_id, dateCreation, dateExpedition, prixTotal) VALUES (14, 4,'2019-03-08', '2019-03-09', '39.96');
INSERT INTO `commande`(id, client_id, dateCreation, dateExpedition, prixTotal) VALUES (15, 4,'2019-02-07', '2019-02-08', '39.96');
INSERT INTO `commande`(id, client_id, dateCreation, dateExpedition, prixTotal) VALUES (16, 4,'2019-01-15', '2019-01-16', '39.96');
INSERT INTO `commande`(id, client_id, dateCreation, dateExpedition, prixTotal) VALUES (17, 5,'2019-04-04', '2019-04-05', '39.96');
INSERT INTO `commande`(id, client_id, dateCreation, dateExpedition, prixTotal) VALUES (18, 5,'2019-03-08', '2019-03-09', '39.96');
INSERT INTO `commande`(id, client_id, dateCreation, dateExpedition, prixTotal) VALUES (19, 5,'2019-02-07', '2019-02-08', '39.96');
INSERT INTO `commande`(id, client_id, dateCreation, dateExpedition, prixTotal) VALUES (20, 5,'2019-01-15', '2019-01-16', '39.96');
INSERT INTO `commande`(id, client_id, dateCreation, dateExpedition, prixTotal) VALUES (21, 6,'2019-04-04', '2019-04-05', '39.96');
INSERT INTO `commande`(id, client_id, dateCreation, dateExpedition, prixTotal) VALUES (22, 6,'2019-03-08', '2019-03-09', '39.96');
INSERT INTO `commande`(id, client_id, dateCreation, dateExpedition, prixTotal) VALUES (23, 6,'2019-02-07', '2019-02-08', '39.96');
INSERT INTO `commande`(id, client_id, dateCreation, dateExpedition, prixTotal) VALUES (24, 6,'2019-01-15', '2019-01-16', '39.96');
INSERT INTO `commande`(id, client_id, dateCreation, dateExpedition, prixTotal) VALUES (25, 7,'2019-04-04', '2019-04-05', '39.96');
INSERT INTO `commande`(id, client_id, dateCreation, dateExpedition, prixTotal) VALUES (26, 7,'2019-03-08', '2019-03-09', '39.96');
INSERT INTO `commande`(id, client_id, dateCreation, dateExpedition, prixTotal) VALUES (27, 7,'2019-02-07', '2019-02-08', '39.96');
INSERT INTO `commande`(id, client_id, dateCreation, dateExpedition, prixTotal) VALUES (28, 7,'2019-01-15', '2019-01-16', '39.96');
INSERT INTO `commande`(id, client_id, dateCreation, dateExpedition, prixTotal) VALUES (29, 8,'2019-04-04', '2019-04-05', '39.96');
INSERT INTO `commande`(id, client_id, dateCreation, dateExpedition, prixTotal) VALUES (30, 8,'2019-03-08', '2019-03-09', '39.96');
INSERT INTO `commande`(id, client_id, dateCreation, dateExpedition, prixTotal) VALUES (31, 8,'2019-02-07', '2019-02-08', '39.96');
INSERT INTO `commande`(id, client_id, dateCreation, dateExpedition, prixTotal) VALUES (32, 8,'2019-01-15', '2019-01-16', '39.96');
INSERT INTO `commande`(id, client_id, dateCreation, dateExpedition, prixTotal) VALUES (33, 9,'2019-04-04', '2019-04-05', '39.96');
INSERT INTO `commande`(id, client_id, dateCreation, dateExpedition, prixTotal) VALUES (34, 9,'2019-03-08', '2019-03-09', '39.96');
INSERT INTO `commande`(id, client_id, dateCreation, dateExpedition, prixTotal) VALUES (35, 9,'2019-02-07', '2019-02-08', '39.96');
INSERT INTO `commande`(id, client_id, dateCreation, dateExpedition, prixTotal) VALUES (36, 9,'2019-01-15', '2019-01-16', '39.96');
INSERT INTO `commande`(id, client_id, dateCreation, dateExpedition, prixTotal) VALUES (37, 10,'2019-04-04', '2019-04-05', '39.96');
INSERT INTO `commande`(id, client_id, dateCreation, dateExpedition, prixTotal) VALUES (38, 10,'2019-03-08', '2019-03-09', '39.96');
INSERT INTO `commande`(id, client_id, dateCreation, dateExpedition, prixTotal) VALUES (39, 10,'2019-02-07', '2019-02-08', '39.96');
INSERT INTO `commande`(id, client_id, dateCreation, dateExpedition, prixTotal) VALUES (40, 10,'2019-01-15', '2019-01-16', '39.96');
INSERT INTO `commande`(id, client_id, dateCreation, dateExpedition, prixTotal) VALUES (41, 11,'2019-04-04', '2019-04-05', '39.96');
INSERT INTO `commande`(id, client_id, dateCreation, dateExpedition, prixTotal) VALUES (42, 11,'2019-03-08', '2019-03-09', '39.96');
INSERT INTO `commande`(id, client_id, dateCreation, dateExpedition, prixTotal) VALUES (43, 11,'2019-02-07', '2019-02-08', '39.96');
INSERT INTO `commande`(id, client_id, dateCreation, dateExpedition, prixTotal) VALUES (44, 11,'2019-01-15', '2019-01-16', '39.96');
INSERT INTO `commande`(id, client_id, dateCreation, dateExpedition, prixTotal) VALUES (45, 12,'2019-04-04', '2019-04-05', '39.96');
INSERT INTO `commande`(id, client_id, dateCreation, dateExpedition, prixTotal) VALUES (46, 12,'2019-03-08', '2019-03-09', '39.96');
INSERT INTO `commande`(id, client_id, dateCreation, dateExpedition, prixTotal) VALUES (47, 12,'2019-02-07', '2019-02-08', '39.96');
INSERT INTO `commande`(id, client_id, dateCreation, dateExpedition, prixTotal) VALUES (48, 12,'2019-01-15', '2019-01-16', '39.96');
INSERT INTO `commande`(id, client_id, dateCreation, dateExpedition, prixTotal) VALUES (49, 13,'2019-04-04', '2019-04-05', '39.96');
INSERT INTO `commande`(id, client_id, dateCreation, dateExpedition, prixTotal) VALUES (50, 13,'2019-03-08', '2019-03-09', '39.96');
INSERT INTO `commande`(id, client_id, dateCreation, dateExpedition, prixTotal) VALUES (51, 13,'2019-02-07', '2019-02-08', '39.96');
INSERT INTO `commande`(id, client_id, dateCreation, dateExpedition, prixTotal) VALUES (52, 13,'2019-01-15', '2019-01-16', '39.96');
INSERT INTO `commande`(id, client_id, dateCreation, dateExpedition, prixTotal) VALUES (53, 14,'2019-04-04', '2019-04-05', '39.96');
INSERT INTO `commande`(id, client_id, dateCreation, dateExpedition, prixTotal) VALUES (54, 14,'2019-03-08', '2019-03-09', '39.96');
INSERT INTO `commande`(id, client_id, dateCreation, dateExpedition, prixTotal) VALUES (55, 14,'2019-02-07', '2019-02-08', '39.96');
INSERT INTO `commande`(id, client_id, dateCreation, dateExpedition, prixTotal) VALUES (56, 14,'2019-01-15', '2019-01-16', '39.96');
INSERT INTO `commande`(id, client_id, dateCreation, dateExpedition, prixTotal) VALUES (57, 15,'2019-04-04', '2019-04-05', '39.96');
INSERT INTO `commande`(id, client_id, dateCreation, dateExpedition, prixTotal) VALUES (58, 15,'2019-03-08', '2019-03-09', '39.96');
INSERT INTO `commande`(id, client_id, dateCreation, dateExpedition, prixTotal) VALUES (59, 15,'2019-02-07', '2019-02-08', '39.96');
INSERT INTO `commande`(id, client_id, dateCreation, dateExpedition, prixTotal) VALUES (60, 15,'2019-01-15', '2019-01-16', '39.96');
INSERT INTO `commande`(id, client_id, dateCreation, dateExpedition, prixTotal) VALUES (61, 16,'2019-04-04', '2019-04-05', '39.96');
INSERT INTO `commande`(id, client_id, dateCreation, dateExpedition, prixTotal) VALUES (62, 16,'2019-03-08', '2019-03-09', '39.96');
INSERT INTO `commande`(id, client_id, dateCreation, dateExpedition, prixTotal) VALUES (63, 16,'2019-02-07', '2019-02-08', '39.96');
INSERT INTO `commande`(id, client_id, dateCreation, dateExpedition, prixTotal) VALUES (64, 16,'2019-01-15', '2019-01-16', '39.96');
INSERT INTO `commande`(id, client_id, dateCreation, dateExpedition, prixTotal) VALUES (65, 17,'2019-04-04', '2019-04-05', '39.96');
INSERT INTO `commande`(id, client_id, dateCreation, dateExpedition, prixTotal) VALUES (66, 17,'2019-03-08', '2019-03-09', '39.96');
INSERT INTO `commande`(id, client_id, dateCreation, dateExpedition, prixTotal) VALUES (67, 17,'2019-02-07', '2019-02-08', '39.96');
INSERT INTO `commande`(id, client_id, dateCreation, dateExpedition, prixTotal) VALUES (68, 17,'2019-01-15', '2019-01-16', '39.96');
INSERT INTO `commande`(id, client_id, dateCreation, dateExpedition, prixTotal) VALUES (69, 11,'2019-04-09', null, '47.52');
INSERT INTO `commande`(id, client_id, dateCreation, dateExpedition, prixTotal) VALUES (70, 12,'2019-04-09', null, '21.98');
INSERT INTO `commande`(id, client_id, dateCreation, dateExpedition, prixTotal) VALUES (71, 13,'2019-04-09', null, '56.85');
INSERT INTO `commande`(id, client_id, dateCreation, dateExpedition, prixTotal) VALUES (72, 14,'2019-04-09', null, '39.96');
INSERT INTO `commande`(id, client_id, dateCreation, dateExpedition, prixTotal) VALUES (73, 15,'2019-04-09', null, '18.90');
INSERT INTO `commande`(id, client_id, dateCreation, dateExpedition, prixTotal) VALUES (74, 16,'2019-04-09', null, '55.00');
INSERT INTO `commande`(id, client_id, dateCreation, dateExpedition, prixTotal) VALUES (75, 17,'2019-04-09', null, '63.49');
INSERT INTO `commande`(id, client_id, dateCreation, dateExpedition, prixTotal) VALUES (76, 18,'2019-04-09', null, '22.51');

INSERT INTO `articleCommande`(commande_id, article_id, quantite, prixTotal) VALUES (1, 7, 1, '2.23');
INSERT INTO `articleCommande`(commande_id, article_id, quantite, prixTotal) VALUES (1, 8, 2, '7.98');
INSERT INTO `articleCommande`(commande_id, article_id, quantite, prixTotal) VALUES (1, 16, 1, '2.23');
INSERT INTO `articleCommande`(commande_id, article_id, quantite, prixTotal) VALUES (1, 25, 1, '4.99');
INSERT INTO `articleCommande`(commande_id, article_id, quantite, prixTotal) VALUES (1, 27, 1, '3.99');
INSERT INTO `articleCommande`(commande_id, article_id, quantite, prixTotal) VALUES (1, 2, 2, '5.76');
INSERT INTO `articleCommande`(commande_id, article_id, quantite, prixTotal) VALUES (1, 21, 1, '4.31');
INSERT INTO `articleCommande`(commande_id, article_id, quantite, prixTotal) VALUES (1, 28, 3, '5.04');
INSERT INTO `articleCommande`(commande_id, article_id, quantite, prixTotal) VALUES (1, 1, 1, '1.99');
INSERT INTO `articleCommande`(commande_id, article_id, quantite, prixTotal) VALUES (1, 6, 1, '1.44');

INSERT INTO `articleCommande`(commande_id, article_id, quantite, prixTotal) VALUES (2, 7, 1, '2.23');
INSERT INTO `articleCommande`(commande_id, article_id, quantite, prixTotal) VALUES (2, 8, 2, '7.98');
INSERT INTO `articleCommande`(commande_id, article_id, quantite, prixTotal) VALUES (2, 16, 1, '2.23');
INSERT INTO `articleCommande`(commande_id, article_id, quantite, prixTotal) VALUES (2, 25, 1, '4.99');
INSERT INTO `articleCommande`(commande_id, article_id, quantite, prixTotal) VALUES (2, 27, 1, '3.99');
INSERT INTO `articleCommande`(commande_id, article_id, quantite, prixTotal) VALUES (2, 2, 2, '5.76');
INSERT INTO `articleCommande`(commande_id, article_id, quantite, prixTotal) VALUES (2, 21, 1, '4.31');
INSERT INTO `articleCommande`(commande_id, article_id, quantite, prixTotal) VALUES (2, 28, 3, '5.04');
INSERT INTO `articleCommande`(commande_id, article_id, quantite, prixTotal) VALUES (2, 1, 1, '1.99');
INSERT INTO `articleCommande`(commande_id, article_id, quantite, prixTotal) VALUES (2, 6, 1, '1.44');

INSERT INTO `articleCommande`(commande_id, article_id, quantite, prixTotal) VALUES (3, 7, 1, '2.23');
INSERT INTO `articleCommande`(commande_id, article_id, quantite, prixTotal) VALUES (3, 8, 2, '7.98');
INSERT INTO `articleCommande`(commande_id, article_id, quantite, prixTotal) VALUES (3, 16, 1, '2.23');
INSERT INTO `articleCommande`(commande_id, article_id, quantite, prixTotal) VALUES (3, 25, 1, '4.99');
INSERT INTO `articleCommande`(commande_id, article_id, quantite, prixTotal) VALUES (3, 27, 1, '3.99');
INSERT INTO `articleCommande`(commande_id, article_id, quantite, prixTotal) VALUES (3, 2, 2, '5.76');
INSERT INTO `articleCommande`(commande_id, article_id, quantite, prixTotal) VALUES (3, 21, 1, '4.31');
INSERT INTO `articleCommande`(commande_id, article_id, quantite, prixTotal) VALUES (3, 28, 3, '5.04');
INSERT INTO `articleCommande`(commande_id, article_id, quantite, prixTotal) VALUES (3, 1, 1, '1.99');
INSERT INTO `articleCommande`(commande_id, article_id, quantite, prixTotal) VALUES (3, 6, 1, '1.44');

INSERT INTO `articleCommande`(commande_id, article_id, quantite, prixTotal) VALUES (4, 7, 1, '2.23');
INSERT INTO `articleCommande`(commande_id, article_id, quantite, prixTotal) VALUES (4, 8, 2, '7.98');
INSERT INTO `articleCommande`(commande_id, article_id, quantite, prixTotal) VALUES (4, 16, 1, '2.23');
INSERT INTO `articleCommande`(commande_id, article_id, quantite, prixTotal) VALUES (4, 25, 1, '4.99');
INSERT INTO `articleCommande`(commande_id, article_id, quantite, prixTotal) VALUES (4, 27, 1, '3.99');
INSERT INTO `articleCommande`(commande_id, article_id, quantite, prixTotal) VALUES (4, 2, 2, '5.76');
INSERT INTO `articleCommande`(commande_id, article_id, quantite, prixTotal) VALUES (4, 21, 1, '4.31');
INSERT INTO `articleCommande`(commande_id, article_id, quantite, prixTotal) VALUES (4, 28, 3, '5.04');
INSERT INTO `articleCommande`(commande_id, article_id, quantite, prixTotal) VALUES (4, 1, 1, '1.99');
INSERT INTO `articleCommande`(commande_id, article_id, quantite, prixTotal) VALUES (4, 6, 1, '1.44');

INSERT INTO `articleCommande`(commande_id, article_id, quantite, prixTotal) VALUES (5, 7, 1, '2.23');
INSERT INTO `articleCommande`(commande_id, article_id, quantite, prixTotal) VALUES (5, 8, 2, '7.98');
INSERT INTO `articleCommande`(commande_id, article_id, quantite, prixTotal) VALUES (5, 16, 1, '2.23');
INSERT INTO `articleCommande`(commande_id, article_id, quantite, prixTotal) VALUES (5, 25, 1, '4.99');
INSERT INTO `articleCommande`(commande_id, article_id, quantite, prixTotal) VALUES (5, 27, 1, '3.99');
INSERT INTO `articleCommande`(commande_id, article_id, quantite, prixTotal) VALUES (5, 2, 2, '5.76');
INSERT INTO `articleCommande`(commande_id, article_id, quantite, prixTotal) VALUES (5, 21, 1, '4.31');
INSERT INTO `articleCommande`(commande_id, article_id, quantite, prixTotal) VALUES (5, 28, 3, '5.04');
INSERT INTO `articleCommande`(commande_id, article_id, quantite, prixTotal) VALUES (5, 1, 1, '1.99');
INSERT INTO `articleCommande`(commande_id, article_id, quantite, prixTotal) VALUES (5, 6, 1, '1.44');

INSERT INTO `articleCommande`(commande_id, article_id, quantite, prixTotal) VALUES (6, 7, 1, '2.23');
INSERT INTO `articleCommande`(commande_id, article_id, quantite, prixTotal) VALUES (6, 8, 2, '7.98');
INSERT INTO `articleCommande`(commande_id, article_id, quantite, prixTotal) VALUES (6, 16, 1, '2.23');
INSERT INTO `articleCommande`(commande_id, article_id, quantite, prixTotal) VALUES (6, 25, 1, '4.99');
INSERT INTO `articleCommande`(commande_id, article_id, quantite, prixTotal) VALUES (6, 27, 1, '3.99');
INSERT INTO `articleCommande`(commande_id, article_id, quantite, prixTotal) VALUES (6, 2, 2, '5.76');
INSERT INTO `articleCommande`(commande_id, article_id, quantite, prixTotal) VALUES (6, 21, 1, '4.31');
INSERT INTO `articleCommande`(commande_id, article_id, quantite, prixTotal) VALUES (6, 28, 3, '5.04');
INSERT INTO `articleCommande`(commande_id, article_id, quantite, prixTotal) VALUES (6, 1, 1, '1.99');
INSERT INTO `articleCommande`(commande_id, article_id, quantite, prixTotal) VALUES (6, 6, 1, '1.44');

INSERT INTO `articleCommande`(commande_id, article_id, quantite, prixTotal) VALUES (7, 7, 1, '2.23');
INSERT INTO `articleCommande`(commande_id, article_id, quantite, prixTotal) VALUES (7, 8, 2, '7.98');
INSERT INTO `articleCommande`(commande_id, article_id, quantite, prixTotal) VALUES (7, 16, 1, '2.23');
INSERT INTO `articleCommande`(commande_id, article_id, quantite, prixTotal) VALUES (7, 25, 1, '4.99');
INSERT INTO `articleCommande`(commande_id, article_id, quantite, prixTotal) VALUES (7, 27, 1, '3.99');
INSERT INTO `articleCommande`(commande_id, article_id, quantite, prixTotal) VALUES (7, 2, 2, '5.76');
INSERT INTO `articleCommande`(commande_id, article_id, quantite, prixTotal) VALUES (7, 21, 1, '4.31');
INSERT INTO `articleCommande`(commande_id, article_id, quantite, prixTotal) VALUES (7, 28, 3, '5.04');
INSERT INTO `articleCommande`(commande_id, article_id, quantite, prixTotal) VALUES (7, 1, 1, '1.99');
INSERT INTO `articleCommande`(commande_id, article_id, quantite, prixTotal) VALUES (7, 6, 1, '1.44');

INSERT INTO `articleCommande`(commande_id, article_id, quantite, prixTotal) VALUES (8, 7, 1, '2.23');
INSERT INTO `articleCommande`(commande_id, article_id, quantite, prixTotal) VALUES (8, 8, 2, '7.98');
INSERT INTO `articleCommande`(commande_id, article_id, quantite, prixTotal) VALUES (8, 16, 1, '2.23');
INSERT INTO `articleCommande`(commande_id, article_id, quantite, prixTotal) VALUES (8, 25, 1, '4.99');
INSERT INTO `articleCommande`(commande_id, article_id, quantite, prixTotal) VALUES (8, 27, 1, '3.99');
INSERT INTO `articleCommande`(commande_id, article_id, quantite, prixTotal) VALUES (8, 2, 2, '5.76');
INSERT INTO `articleCommande`(commande_id, article_id, quantite, prixTotal) VALUES (8, 21, 1, '4.31');
INSERT INTO `articleCommande`(commande_id, article_id, quantite, prixTotal) VALUES (8, 28, 3, '5.04');
INSERT INTO `articleCommande`(commande_id, article_id, quantite, prixTotal) VALUES (8, 1, 1, '1.99');
INSERT INTO `articleCommande`(commande_id, article_id, quantite, prixTotal) VALUES (8, 6, 1, '1.44');

INSERT INTO `articleCommande`(commande_id, article_id, quantite, prixTotal) VALUES (9, 7, 1, '2.23');
INSERT INTO `articleCommande`(commande_id, article_id, quantite, prixTotal) VALUES (9, 8, 2, '7.98');
INSERT INTO `articleCommande`(commande_id, article_id, quantite, prixTotal) VALUES (9, 16, 1, '2.23');
INSERT INTO `articleCommande`(commande_id, article_id, quantite, prixTotal) VALUES (9, 25, 1, '4.99');
INSERT INTO `articleCommande`(commande_id, article_id, quantite, prixTotal) VALUES (9, 27, 1, '3.99');
INSERT INTO `articleCommande`(commande_id, article_id, quantite, prixTotal) VALUES (9, 2, 2, '5.76');
INSERT INTO `articleCommande`(commande_id, article_id, quantite, prixTotal) VALUES (9, 21, 1, '4.31');
INSERT INTO `articleCommande`(commande_id, article_id, quantite, prixTotal) VALUES (9, 28, 3, '5.04');
INSERT INTO `articleCommande`(commande_id, article_id, quantite, prixTotal) VALUES (9, 1, 1, '1.99');
INSERT INTO `articleCommande`(commande_id, article_id, quantite, prixTotal) VALUES (9, 6, 1, '1.44');

INSERT INTO `articleCommande`(commande_id, article_id, quantite, prixTotal) VALUES (10, 7, 1, '2.23');
INSERT INTO `articleCommande`(commande_id, article_id, quantite, prixTotal) VALUES (10, 8, 2, '7.98');
INSERT INTO `articleCommande`(commande_id, article_id, quantite, prixTotal) VALUES (10, 16, 1, '2.23');
INSERT INTO `articleCommande`(commande_id, article_id, quantite, prixTotal) VALUES (10, 25, 1, '4.99');
INSERT INTO `articleCommande`(commande_id, article_id, quantite, prixTotal) VALUES (10, 27, 1, '3.99');
INSERT INTO `articleCommande`(commande_id, article_id, quantite, prixTotal) VALUES (10, 2, 2, '5.76');
INSERT INTO `articleCommande`(commande_id, article_id, quantite, prixTotal) VALUES (10, 21, 1, '4.31');
INSERT INTO `articleCommande`(commande_id, article_id, quantite, prixTotal) VALUES (10, 28, 3, '5.04');
INSERT INTO `articleCommande`(commande_id, article_id, quantite, prixTotal) VALUES (10, 1, 1, '1.99');
INSERT INTO `articleCommande`(commande_id, article_id, quantite, prixTotal) VALUES (10, 6, 1, '1.44');

INSERT INTO `articleCommande`(commande_id, article_id, quantite, prixTotal) VALUES (11, 7, 1, '2.23');
INSERT INTO `articleCommande`(commande_id, article_id, quantite, prixTotal) VALUES (11, 8, 2, '7.98');
INSERT INTO `articleCommande`(commande_id, article_id, quantite, prixTotal) VALUES (11, 16, 1, '2.23');
INSERT INTO `articleCommande`(commande_id, article_id, quantite, prixTotal) VALUES (11, 25, 1, '4.99');
INSERT INTO `articleCommande`(commande_id, article_id, quantite, prixTotal) VALUES (11, 27, 1, '3.99');
INSERT INTO `articleCommande`(commande_id, article_id, quantite, prixTotal) VALUES (11, 2, 2, '5.76');
INSERT INTO `articleCommande`(commande_id, article_id, quantite, prixTotal) VALUES (11, 21, 1, '4.31');
INSERT INTO `articleCommande`(commande_id, article_id, quantite, prixTotal) VALUES (11, 28, 3, '5.04');
INSERT INTO `articleCommande`(commande_id, article_id, quantite, prixTotal) VALUES (11, 1, 1, '1.99');
INSERT INTO `articleCommande`(commande_id, article_id, quantite, prixTotal) VALUES (11, 6, 1, '1.44');

INSERT INTO `articleCommande`(commande_id, article_id, quantite, prixTotal) VALUES (12, 7, 1, '2.23');
INSERT INTO `articleCommande`(commande_id, article_id, quantite, prixTotal) VALUES (12, 8, 2, '7.98');
INSERT INTO `articleCommande`(commande_id, article_id, quantite, prixTotal) VALUES (12, 16, 1, '2.23');
INSERT INTO `articleCommande`(commande_id, article_id, quantite, prixTotal) VALUES (12, 25, 1, '4.99');
INSERT INTO `articleCommande`(commande_id, article_id, quantite, prixTotal) VALUES (12, 27, 1, '3.99');
INSERT INTO `articleCommande`(commande_id, article_id, quantite, prixTotal) VALUES (12, 2, 2, '5.76');
INSERT INTO `articleCommande`(commande_id, article_id, quantite, prixTotal) VALUES (12, 21, 1, '4.31');
INSERT INTO `articleCommande`(commande_id, article_id, quantite, prixTotal) VALUES (12, 28, 3, '5.04');
INSERT INTO `articleCommande`(commande_id, article_id, quantite, prixTotal) VALUES (12, 1, 1, '1.99');
INSERT INTO `articleCommande`(commande_id, article_id, quantite, prixTotal) VALUES (12, 6, 1, '1.44');

INSERT INTO `articleCommande`(commande_id, article_id, quantite, prixTotal) VALUES (13, 7, 1, '2.23');
INSERT INTO `articleCommande`(commande_id, article_id, quantite, prixTotal) VALUES (13, 8, 2, '7.98');
INSERT INTO `articleCommande`(commande_id, article_id, quantite, prixTotal) VALUES (13, 16, 1, '2.23');
INSERT INTO `articleCommande`(commande_id, article_id, quantite, prixTotal) VALUES (13, 25, 1, '4.99');
INSERT INTO `articleCommande`(commande_id, article_id, quantite, prixTotal) VALUES (13, 27, 1, '3.99');
INSERT INTO `articleCommande`(commande_id, article_id, quantite, prixTotal) VALUES (13, 2, 2, '5.76');
INSERT INTO `articleCommande`(commande_id, article_id, quantite, prixTotal) VALUES (13, 21, 1, '4.31');
INSERT INTO `articleCommande`(commande_id, article_id, quantite, prixTotal) VALUES (13, 28, 3, '5.04');
INSERT INTO `articleCommande`(commande_id, article_id, quantite, prixTotal) VALUES (13, 1, 1, '1.99');
INSERT INTO `articleCommande`(commande_id, article_id, quantite, prixTotal) VALUES (13, 6, 1, '1.44');

INSERT INTO `articleCommande`(commande_id, article_id, quantite, prixTotal) VALUES (14, 7, 1, '2.23');
INSERT INTO `articleCommande`(commande_id, article_id, quantite, prixTotal) VALUES (14, 8, 2, '7.98');
INSERT INTO `articleCommande`(commande_id, article_id, quantite, prixTotal) VALUES (14, 16, 1, '2.23');
INSERT INTO `articleCommande`(commande_id, article_id, quantite, prixTotal) VALUES (14, 25, 1, '4.99');
INSERT INTO `articleCommande`(commande_id, article_id, quantite, prixTotal) VALUES (14, 27, 1, '3.99');
INSERT INTO `articleCommande`(commande_id, article_id, quantite, prixTotal) VALUES (14, 2, 2, '5.76');
INSERT INTO `articleCommande`(commande_id, article_id, quantite, prixTotal) VALUES (14, 21, 1, '4.31');
INSERT INTO `articleCommande`(commande_id, article_id, quantite, prixTotal) VALUES (14, 28, 3, '5.04');
INSERT INTO `articleCommande`(commande_id, article_id, quantite, prixTotal) VALUES (14, 1, 1, '1.99');
INSERT INTO `articleCommande`(commande_id, article_id, quantite, prixTotal) VALUES (14, 6, 1, '1.44');

INSERT INTO `articleCommande`(commande_id, article_id, quantite, prixTotal) VALUES (15, 7, 1, '2.23');
INSERT INTO `articleCommande`(commande_id, article_id, quantite, prixTotal) VALUES (15, 8, 2, '7.98');
INSERT INTO `articleCommande`(commande_id, article_id, quantite, prixTotal) VALUES (15, 16, 1, '2.23');
INSERT INTO `articleCommande`(commande_id, article_id, quantite, prixTotal) VALUES (15, 25, 1, '4.99');
INSERT INTO `articleCommande`(commande_id, article_id, quantite, prixTotal) VALUES (15, 27, 1, '3.99');
INSERT INTO `articleCommande`(commande_id, article_id, quantite, prixTotal) VALUES (15, 2, 2, '5.76');
INSERT INTO `articleCommande`(commande_id, article_id, quantite, prixTotal) VALUES (15, 21, 1, '4.31');
INSERT INTO `articleCommande`(commande_id, article_id, quantite, prixTotal) VALUES (15, 28, 3, '5.04');
INSERT INTO `articleCommande`(commande_id, article_id, quantite, prixTotal) VALUES (15, 1, 1, '1.99');
INSERT INTO `articleCommande`(commande_id, article_id, quantite, prixTotal) VALUES (15, 6, 1, '1.44');

INSERT INTO `articleCommande`(commande_id, article_id, quantite, prixTotal) VALUES (16, 7, 1, '2.23');
INSERT INTO `articleCommande`(commande_id, article_id, quantite, prixTotal) VALUES (16, 8, 2, '7.98');
INSERT INTO `articleCommande`(commande_id, article_id, quantite, prixTotal) VALUES (16, 16, 1, '2.23');
INSERT INTO `articleCommande`(commande_id, article_id, quantite, prixTotal) VALUES (16, 25, 1, '4.99');
INSERT INTO `articleCommande`(commande_id, article_id, quantite, prixTotal) VALUES (16, 27, 1, '3.99');
INSERT INTO `articleCommande`(commande_id, article_id, quantite, prixTotal) VALUES (16, 2, 2, '5.76');
INSERT INTO `articleCommande`(commande_id, article_id, quantite, prixTotal) VALUES (16, 21, 1, '4.31');
INSERT INTO `articleCommande`(commande_id, article_id, quantite, prixTotal) VALUES (16, 28, 3, '5.04');
INSERT INTO `articleCommande`(commande_id, article_id, quantite, prixTotal) VALUES (16, 1, 1, '1.99');
INSERT INTO `articleCommande`(commande_id, article_id, quantite, prixTotal) VALUES (16, 6, 1, '1.44');

INSERT INTO `articleCommande`(commande_id, article_id, quantite, prixTotal) VALUES (17, 7, 1, '2.23');
INSERT INTO `articleCommande`(commande_id, article_id, quantite, prixTotal) VALUES (17, 8, 2, '7.98');
INSERT INTO `articleCommande`(commande_id, article_id, quantite, prixTotal) VALUES (17, 16, 1, '2.23');
INSERT INTO `articleCommande`(commande_id, article_id, quantite, prixTotal) VALUES (17, 25, 1, '4.99');
INSERT INTO `articleCommande`(commande_id, article_id, quantite, prixTotal) VALUES (17, 27, 1, '3.99');
INSERT INTO `articleCommande`(commande_id, article_id, quantite, prixTotal) VALUES (17, 2, 2, '5.76');
INSERT INTO `articleCommande`(commande_id, article_id, quantite, prixTotal) VALUES (17, 21, 1, '4.31');
INSERT INTO `articleCommande`(commande_id, article_id, quantite, prixTotal) VALUES (17, 28, 3, '5.04');
INSERT INTO `articleCommande`(commande_id, article_id, quantite, prixTotal) VALUES (17, 1, 1, '1.99');
INSERT INTO `articleCommande`(commande_id, article_id, quantite, prixTotal) VALUES (17, 6, 1, '1.44');

INSERT INTO `articleCommande`(commande_id, article_id, quantite, prixTotal) VALUES (18, 7, 1, '2.23');
INSERT INTO `articleCommande`(commande_id, article_id, quantite, prixTotal) VALUES (18, 8, 2, '7.98');
INSERT INTO `articleCommande`(commande_id, article_id, quantite, prixTotal) VALUES (18, 16, 1, '2.23');
INSERT INTO `articleCommande`(commande_id, article_id, quantite, prixTotal) VALUES (18, 25, 1, '4.99');
INSERT INTO `articleCommande`(commande_id, article_id, quantite, prixTotal) VALUES (18, 27, 1, '3.99');
INSERT INTO `articleCommande`(commande_id, article_id, quantite, prixTotal) VALUES (18, 2, 2, '5.76');
INSERT INTO `articleCommande`(commande_id, article_id, quantite, prixTotal) VALUES (18, 21, 1, '4.31');
INSERT INTO `articleCommande`(commande_id, article_id, quantite, prixTotal) VALUES (18, 28, 3, '5.04');
INSERT INTO `articleCommande`(commande_id, article_id, quantite, prixTotal) VALUES (18, 1, 1, '1.99');
INSERT INTO `articleCommande`(commande_id, article_id, quantite, prixTotal) VALUES (18, 6, 1, '1.44');

INSERT INTO `articleCommande`(commande_id, article_id, quantite, prixTotal) VALUES (19, 7, 1, '2.23');
INSERT INTO `articleCommande`(commande_id, article_id, quantite, prixTotal) VALUES (19, 8, 2, '7.98');
INSERT INTO `articleCommande`(commande_id, article_id, quantite, prixTotal) VALUES (19, 16, 1, '2.23');
INSERT INTO `articleCommande`(commande_id, article_id, quantite, prixTotal) VALUES (19, 25, 1, '4.99');
INSERT INTO `articleCommande`(commande_id, article_id, quantite, prixTotal) VALUES (19, 27, 1, '3.99');
INSERT INTO `articleCommande`(commande_id, article_id, quantite, prixTotal) VALUES (19, 2, 2, '5.76');
INSERT INTO `articleCommande`(commande_id, article_id, quantite, prixTotal) VALUES (19, 21, 1, '4.31');
INSERT INTO `articleCommande`(commande_id, article_id, quantite, prixTotal) VALUES (19, 28, 3, '5.04');
INSERT INTO `articleCommande`(commande_id, article_id, quantite, prixTotal) VALUES (19, 1, 1, '1.99');
INSERT INTO `articleCommande`(commande_id, article_id, quantite, prixTotal) VALUES (19, 6, 1, '1.44');

INSERT INTO `articleCommande`(commande_id, article_id, quantite, prixTotal) VALUES (20, 7, 1, '2.23');
INSERT INTO `articleCommande`(commande_id, article_id, quantite, prixTotal) VALUES (20, 8, 2, '7.98');
INSERT INTO `articleCommande`(commande_id, article_id, quantite, prixTotal) VALUES (20, 16, 1, '2.23');
INSERT INTO `articleCommande`(commande_id, article_id, quantite, prixTotal) VALUES (20, 25, 1, '4.99');
INSERT INTO `articleCommande`(commande_id, article_id, quantite, prixTotal) VALUES (20, 27, 1, '3.99');
INSERT INTO `articleCommande`(commande_id, article_id, quantite, prixTotal) VALUES (20, 2, 2, '5.76');
INSERT INTO `articleCommande`(commande_id, article_id, quantite, prixTotal) VALUES (20, 21, 1, '4.31');
INSERT INTO `articleCommande`(commande_id, article_id, quantite, prixTotal) VALUES (20, 28, 3, '5.04');
INSERT INTO `articleCommande`(commande_id, article_id, quantite, prixTotal) VALUES (20, 1, 1, '1.99');
INSERT INTO `articleCommande`(commande_id, article_id, quantite, prixTotal) VALUES (20, 6, 1, '1.44');

INSERT INTO `articleCommande`(commande_id, article_id, quantite, prixTotal) VALUES (21, 7, 1, '2.23');
INSERT INTO `articleCommande`(commande_id, article_id, quantite, prixTotal) VALUES (21, 8, 2, '7.98');
INSERT INTO `articleCommande`(commande_id, article_id, quantite, prixTotal) VALUES (21, 16, 1, '2.23');
INSERT INTO `articleCommande`(commande_id, article_id, quantite, prixTotal) VALUES (21, 25, 1, '4.99');
INSERT INTO `articleCommande`(commande_id, article_id, quantite, prixTotal) VALUES (21, 27, 1, '3.99');
INSERT INTO `articleCommande`(commande_id, article_id, quantite, prixTotal) VALUES (21, 2, 2, '5.76');
INSERT INTO `articleCommande`(commande_id, article_id, quantite, prixTotal) VALUES (21, 21, 1, '4.31');
INSERT INTO `articleCommande`(commande_id, article_id, quantite, prixTotal) VALUES (21, 28, 3, '5.04');
INSERT INTO `articleCommande`(commande_id, article_id, quantite, prixTotal) VALUES (21, 1, 1, '1.99');
INSERT INTO `articleCommande`(commande_id, article_id, quantite, prixTotal) VALUES (21, 6, 1, '1.44');

INSERT INTO `articleCommande`(commande_id, article_id, quantite, prixTotal) VALUES (22, 7, 1, '2.23');
INSERT INTO `articleCommande`(commande_id, article_id, quantite, prixTotal) VALUES (22, 8, 2, '7.98');
INSERT INTO `articleCommande`(commande_id, article_id, quantite, prixTotal) VALUES (22, 16, 1, '2.23');
INSERT INTO `articleCommande`(commande_id, article_id, quantite, prixTotal) VALUES (22, 25, 1, '4.99');
INSERT INTO `articleCommande`(commande_id, article_id, quantite, prixTotal) VALUES (22, 27, 1, '3.99');
INSERT INTO `articleCommande`(commande_id, article_id, quantite, prixTotal) VALUES (22, 2, 2, '5.76');
INSERT INTO `articleCommande`(commande_id, article_id, quantite, prixTotal) VALUES (22, 21, 1, '4.31');
INSERT INTO `articleCommande`(commande_id, article_id, quantite, prixTotal) VALUES (22, 28, 3, '5.04');
INSERT INTO `articleCommande`(commande_id, article_id, quantite, prixTotal) VALUES (22, 1, 1, '1.99');
INSERT INTO `articleCommande`(commande_id, article_id, quantite, prixTotal) VALUES (22, 6, 1, '1.44');

INSERT INTO `articleCommande`(commande_id, article_id, quantite, prixTotal) VALUES (23, 7, 1, '2.23');
INSERT INTO `articleCommande`(commande_id, article_id, quantite, prixTotal) VALUES (23, 8, 2, '7.98');
INSERT INTO `articleCommande`(commande_id, article_id, quantite, prixTotal) VALUES (23, 16, 1, '2.23');
INSERT INTO `articleCommande`(commande_id, article_id, quantite, prixTotal) VALUES (23, 25, 1, '4.99');
INSERT INTO `articleCommande`(commande_id, article_id, quantite, prixTotal) VALUES (23, 27, 1, '3.99');
INSERT INTO `articleCommande`(commande_id, article_id, quantite, prixTotal) VALUES (23, 2, 2, '5.76');
INSERT INTO `articleCommande`(commande_id, article_id, quantite, prixTotal) VALUES (23, 21, 1, '4.31');
INSERT INTO `articleCommande`(commande_id, article_id, quantite, prixTotal) VALUES (23, 28, 3, '5.04');
INSERT INTO `articleCommande`(commande_id, article_id, quantite, prixTotal) VALUES (23, 1, 1, '1.99');
INSERT INTO `articleCommande`(commande_id, article_id, quantite, prixTotal) VALUES (23, 6, 1, '1.44');

INSERT INTO `articleCommande`(commande_id, article_id, quantite, prixTotal) VALUES (24, 7, 1, '2.23');
INSERT INTO `articleCommande`(commande_id, article_id, quantite, prixTotal) VALUES (24, 8, 2, '7.98');
INSERT INTO `articleCommande`(commande_id, article_id, quantite, prixTotal) VALUES (24, 16, 1, '2.23');
INSERT INTO `articleCommande`(commande_id, article_id, quantite, prixTotal) VALUES (24, 25, 1, '4.99');
INSERT INTO `articleCommande`(commande_id, article_id, quantite, prixTotal) VALUES (24, 27, 1, '3.99');
INSERT INTO `articleCommande`(commande_id, article_id, quantite, prixTotal) VALUES (24, 2, 2, '5.76');
INSERT INTO `articleCommande`(commande_id, article_id, quantite, prixTotal) VALUES (24, 21, 1, '4.31');
INSERT INTO `articleCommande`(commande_id, article_id, quantite, prixTotal) VALUES (24, 28, 3, '5.04');
INSERT INTO `articleCommande`(commande_id, article_id, quantite, prixTotal) VALUES (24, 1, 1, '1.99');
INSERT INTO `articleCommande`(commande_id, article_id, quantite, prixTotal) VALUES (24, 6, 1, '1.44');

INSERT INTO `articleCommande`(commande_id, article_id, quantite, prixTotal) VALUES (25, 7, 1, '2.23');
INSERT INTO `articleCommande`(commande_id, article_id, quantite, prixTotal) VALUES (25, 8, 2, '7.98');
INSERT INTO `articleCommande`(commande_id, article_id, quantite, prixTotal) VALUES (25, 16, 1, '2.23');
INSERT INTO `articleCommande`(commande_id, article_id, quantite, prixTotal) VALUES (25, 25, 1, '4.99');
INSERT INTO `articleCommande`(commande_id, article_id, quantite, prixTotal) VALUES (25, 27, 1, '3.99');
INSERT INTO `articleCommande`(commande_id, article_id, quantite, prixTotal) VALUES (25, 2, 2, '5.76');
INSERT INTO `articleCommande`(commande_id, article_id, quantite, prixTotal) VALUES (25, 21, 1, '4.31');
INSERT INTO `articleCommande`(commande_id, article_id, quantite, prixTotal) VALUES (25, 28, 3, '5.04');
INSERT INTO `articleCommande`(commande_id, article_id, quantite, prixTotal) VALUES (25, 1, 1, '1.99');
INSERT INTO `articleCommande`(commande_id, article_id, quantite, prixTotal) VALUES (25, 6, 1, '1.44');

INSERT INTO `articleCommande`(commande_id, article_id, quantite, prixTotal) VALUES (26, 7, 1, '2.23');
INSERT INTO `articleCommande`(commande_id, article_id, quantite, prixTotal) VALUES (26, 8, 2, '7.98');
INSERT INTO `articleCommande`(commande_id, article_id, quantite, prixTotal) VALUES (26, 16, 1, '2.23');
INSERT INTO `articleCommande`(commande_id, article_id, quantite, prixTotal) VALUES (26, 25, 1, '4.99');
INSERT INTO `articleCommande`(commande_id, article_id, quantite, prixTotal) VALUES (26, 27, 1, '3.99');
INSERT INTO `articleCommande`(commande_id, article_id, quantite, prixTotal) VALUES (26, 2, 2, '5.76');
INSERT INTO `articleCommande`(commande_id, article_id, quantite, prixTotal) VALUES (26, 21, 1, '4.31');
INSERT INTO `articleCommande`(commande_id, article_id, quantite, prixTotal) VALUES (26, 28, 3, '5.04');
INSERT INTO `articleCommande`(commande_id, article_id, quantite, prixTotal) VALUES (26, 1, 1, '1.99');
INSERT INTO `articleCommande`(commande_id, article_id, quantite, prixTotal) VALUES (26, 6, 1, '1.44');

INSERT INTO `articleCommande`(commande_id, article_id, quantite, prixTotal) VALUES (27, 7, 1, '2.23');
INSERT INTO `articleCommande`(commande_id, article_id, quantite, prixTotal) VALUES (27, 8, 2, '7.98');
INSERT INTO `articleCommande`(commande_id, article_id, quantite, prixTotal) VALUES (27, 16, 1, '2.23');
INSERT INTO `articleCommande`(commande_id, article_id, quantite, prixTotal) VALUES (27, 25, 1, '4.99');
INSERT INTO `articleCommande`(commande_id, article_id, quantite, prixTotal) VALUES (27, 27, 1, '3.99');
INSERT INTO `articleCommande`(commande_id, article_id, quantite, prixTotal) VALUES (27, 2, 2, '5.76');
INSERT INTO `articleCommande`(commande_id, article_id, quantite, prixTotal) VALUES (27, 21, 1, '4.31');
INSERT INTO `articleCommande`(commande_id, article_id, quantite, prixTotal) VALUES (27, 28, 3, '5.04');
INSERT INTO `articleCommande`(commande_id, article_id, quantite, prixTotal) VALUES (27, 1, 1, '1.99');
INSERT INTO `articleCommande`(commande_id, article_id, quantite, prixTotal) VALUES (27, 6, 1, '1.44');

INSERT INTO `articleCommande`(commande_id, article_id, quantite, prixTotal) VALUES (28, 7, 1, '2.23');
INSERT INTO `articleCommande`(commande_id, article_id, quantite, prixTotal) VALUES (28, 8, 2, '7.98');
INSERT INTO `articleCommande`(commande_id, article_id, quantite, prixTotal) VALUES (28, 16, 1, '2.23');
INSERT INTO `articleCommande`(commande_id, article_id, quantite, prixTotal) VALUES (28, 25, 1, '4.99');
INSERT INTO `articleCommande`(commande_id, article_id, quantite, prixTotal) VALUES (28, 27, 1, '3.99');
INSERT INTO `articleCommande`(commande_id, article_id, quantite, prixTotal) VALUES (28, 2, 2, '5.76');
INSERT INTO `articleCommande`(commande_id, article_id, quantite, prixTotal) VALUES (28, 21, 1, '4.31');
INSERT INTO `articleCommande`(commande_id, article_id, quantite, prixTotal) VALUES (28, 28, 3, '5.04');
INSERT INTO `articleCommande`(commande_id, article_id, quantite, prixTotal) VALUES (28, 1, 1, '1.99');
INSERT INTO `articleCommande`(commande_id, article_id, quantite, prixTotal) VALUES (28, 6, 1, '1.44');

INSERT INTO `articleCommande`(commande_id, article_id, quantite, prixTotal) VALUES (29, 7, 1, '2.23');
INSERT INTO `articleCommande`(commande_id, article_id, quantite, prixTotal) VALUES (29, 8, 2, '7.98');
INSERT INTO `articleCommande`(commande_id, article_id, quantite, prixTotal) VALUES (29, 16, 1, '2.23');
INSERT INTO `articleCommande`(commande_id, article_id, quantite, prixTotal) VALUES (29, 25, 1, '4.99');
INSERT INTO `articleCommande`(commande_id, article_id, quantite, prixTotal) VALUES (29, 27, 1, '3.99');
INSERT INTO `articleCommande`(commande_id, article_id, quantite, prixTotal) VALUES (29, 2, 2, '5.76');
INSERT INTO `articleCommande`(commande_id, article_id, quantite, prixTotal) VALUES (29, 21, 1, '4.31');
INSERT INTO `articleCommande`(commande_id, article_id, quantite, prixTotal) VALUES (29, 28, 3, '5.04');
INSERT INTO `articleCommande`(commande_id, article_id, quantite, prixTotal) VALUES (29, 1, 1, '1.99');
INSERT INTO `articleCommande`(commande_id, article_id, quantite, prixTotal) VALUES (29, 6, 1, '1.44');

INSERT INTO `articleCommande`(commande_id, article_id, quantite, prixTotal) VALUES (30, 7, 1, '2.23');
INSERT INTO `articleCommande`(commande_id, article_id, quantite, prixTotal) VALUES (30, 8, 2, '7.98');
INSERT INTO `articleCommande`(commande_id, article_id, quantite, prixTotal) VALUES (30, 16, 1, '2.23');
INSERT INTO `articleCommande`(commande_id, article_id, quantite, prixTotal) VALUES (30, 25, 1, '4.99');
INSERT INTO `articleCommande`(commande_id, article_id, quantite, prixTotal) VALUES (30, 27, 1, '3.99');
INSERT INTO `articleCommande`(commande_id, article_id, quantite, prixTotal) VALUES (30, 2, 2, '5.76');
INSERT INTO `articleCommande`(commande_id, article_id, quantite, prixTotal) VALUES (30, 21, 1, '4.31');
INSERT INTO `articleCommande`(commande_id, article_id, quantite, prixTotal) VALUES (30, 28, 3, '5.04');
INSERT INTO `articleCommande`(commande_id, article_id, quantite, prixTotal) VALUES (30, 1, 1, '1.99');
INSERT INTO `articleCommande`(commande_id, article_id, quantite, prixTotal) VALUES (30, 6, 1, '1.44');

INSERT INTO `articleCommande`(commande_id, article_id, quantite, prixTotal) VALUES (31, 7, 1, '2.23');
INSERT INTO `articleCommande`(commande_id, article_id, quantite, prixTotal) VALUES (31, 8, 2, '7.98');
INSERT INTO `articleCommande`(commande_id, article_id, quantite, prixTotal) VALUES (31, 16, 1, '2.23');
INSERT INTO `articleCommande`(commande_id, article_id, quantite, prixTotal) VALUES (31, 25, 1, '4.99');
INSERT INTO `articleCommande`(commande_id, article_id, quantite, prixTotal) VALUES (31, 27, 1, '3.99');
INSERT INTO `articleCommande`(commande_id, article_id, quantite, prixTotal) VALUES (31, 2, 2, '5.76');
INSERT INTO `articleCommande`(commande_id, article_id, quantite, prixTotal) VALUES (31, 21, 1, '4.31');
INSERT INTO `articleCommande`(commande_id, article_id, quantite, prixTotal) VALUES (31, 28, 3, '5.04');
INSERT INTO `articleCommande`(commande_id, article_id, quantite, prixTotal) VALUES (31, 1, 1, '1.99');
INSERT INTO `articleCommande`(commande_id, article_id, quantite, prixTotal) VALUES (31, 6, 1, '1.44');

INSERT INTO `articleCommande`(commande_id, article_id, quantite, prixTotal) VALUES (32, 7, 1, '2.23');
INSERT INTO `articleCommande`(commande_id, article_id, quantite, prixTotal) VALUES (32, 8, 2, '7.98');
INSERT INTO `articleCommande`(commande_id, article_id, quantite, prixTotal) VALUES (32, 16, 1, '2.23');
INSERT INTO `articleCommande`(commande_id, article_id, quantite, prixTotal) VALUES (32, 25, 1, '4.99');
INSERT INTO `articleCommande`(commande_id, article_id, quantite, prixTotal) VALUES (32, 27, 1, '3.99');
INSERT INTO `articleCommande`(commande_id, article_id, quantite, prixTotal) VALUES (32, 2, 2, '5.76');
INSERT INTO `articleCommande`(commande_id, article_id, quantite, prixTotal) VALUES (32, 21, 1, '4.31');
INSERT INTO `articleCommande`(commande_id, article_id, quantite, prixTotal) VALUES (32, 28, 3, '5.04');
INSERT INTO `articleCommande`(commande_id, article_id, quantite, prixTotal) VALUES (32, 1, 1, '1.99');
INSERT INTO `articleCommande`(commande_id, article_id, quantite, prixTotal) VALUES (32, 6, 1, '1.44');

INSERT INTO `articleCommande`(commande_id, article_id, quantite, prixTotal) VALUES (33, 7, 1, '2.23');
INSERT INTO `articleCommande`(commande_id, article_id, quantite, prixTotal) VALUES (33, 8, 2, '7.98');
INSERT INTO `articleCommande`(commande_id, article_id, quantite, prixTotal) VALUES (33, 16, 1, '2.23');
INSERT INTO `articleCommande`(commande_id, article_id, quantite, prixTotal) VALUES (33, 25, 1, '4.99');
INSERT INTO `articleCommande`(commande_id, article_id, quantite, prixTotal) VALUES (33, 27, 1, '3.99');
INSERT INTO `articleCommande`(commande_id, article_id, quantite, prixTotal) VALUES (33, 2, 2, '5.76');
INSERT INTO `articleCommande`(commande_id, article_id, quantite, prixTotal) VALUES (33, 21, 1, '4.31');
INSERT INTO `articleCommande`(commande_id, article_id, quantite, prixTotal) VALUES (33, 28, 3, '5.04');
INSERT INTO `articleCommande`(commande_id, article_id, quantite, prixTotal) VALUES (33, 1, 1, '1.99');
INSERT INTO `articleCommande`(commande_id, article_id, quantite, prixTotal) VALUES (33, 6, 1, '1.44');

INSERT INTO `articleCommande`(commande_id, article_id, quantite, prixTotal) VALUES (34, 7, 1, '2.23');
INSERT INTO `articleCommande`(commande_id, article_id, quantite, prixTotal) VALUES (34, 8, 2, '7.98');
INSERT INTO `articleCommande`(commande_id, article_id, quantite, prixTotal) VALUES (34, 16, 1, '2.23');
INSERT INTO `articleCommande`(commande_id, article_id, quantite, prixTotal) VALUES (34, 25, 1, '4.99');
INSERT INTO `articleCommande`(commande_id, article_id, quantite, prixTotal) VALUES (34, 27, 1, '3.99');
INSERT INTO `articleCommande`(commande_id, article_id, quantite, prixTotal) VALUES (34, 2, 2, '5.76');
INSERT INTO `articleCommande`(commande_id, article_id, quantite, prixTotal) VALUES (34, 21, 1, '4.31');
INSERT INTO `articleCommande`(commande_id, article_id, quantite, prixTotal) VALUES (34, 28, 3, '5.04');
INSERT INTO `articleCommande`(commande_id, article_id, quantite, prixTotal) VALUES (34, 1, 1, '1.99');
INSERT INTO `articleCommande`(commande_id, article_id, quantite, prixTotal) VALUES (34, 6, 1, '1.44');

INSERT INTO `articleCommande`(commande_id, article_id, quantite, prixTotal) VALUES (35, 7, 1, '2.23');
INSERT INTO `articleCommande`(commande_id, article_id, quantite, prixTotal) VALUES (35, 8, 2, '7.98');
INSERT INTO `articleCommande`(commande_id, article_id, quantite, prixTotal) VALUES (35, 16, 1, '2.23');
INSERT INTO `articleCommande`(commande_id, article_id, quantite, prixTotal) VALUES (35, 25, 1, '4.99');
INSERT INTO `articleCommande`(commande_id, article_id, quantite, prixTotal) VALUES (35, 27, 1, '3.99');
INSERT INTO `articleCommande`(commande_id, article_id, quantite, prixTotal) VALUES (35, 2, 2, '5.76');
INSERT INTO `articleCommande`(commande_id, article_id, quantite, prixTotal) VALUES (35, 21, 1, '4.31');
INSERT INTO `articleCommande`(commande_id, article_id, quantite, prixTotal) VALUES (35, 28, 3, '5.04');
INSERT INTO `articleCommande`(commande_id, article_id, quantite, prixTotal) VALUES (35, 1, 1, '1.99');
INSERT INTO `articleCommande`(commande_id, article_id, quantite, prixTotal) VALUES (35, 6, 1, '1.44');

INSERT INTO `articleCommande`(commande_id, article_id, quantite, prixTotal) VALUES (36, 7, 1, '2.23');
INSERT INTO `articleCommande`(commande_id, article_id, quantite, prixTotal) VALUES (36, 8, 2, '7.98');
INSERT INTO `articleCommande`(commande_id, article_id, quantite, prixTotal) VALUES (36, 16, 1, '2.23');
INSERT INTO `articleCommande`(commande_id, article_id, quantite, prixTotal) VALUES (36, 25, 1, '4.99');
INSERT INTO `articleCommande`(commande_id, article_id, quantite, prixTotal) VALUES (36, 27, 1, '3.99');
INSERT INTO `articleCommande`(commande_id, article_id, quantite, prixTotal) VALUES (36, 2, 2, '5.76');
INSERT INTO `articleCommande`(commande_id, article_id, quantite, prixTotal) VALUES (36, 21, 1, '4.31');
INSERT INTO `articleCommande`(commande_id, article_id, quantite, prixTotal) VALUES (36, 28, 3, '5.04');
INSERT INTO `articleCommande`(commande_id, article_id, quantite, prixTotal) VALUES (36, 1, 1, '1.99');
INSERT INTO `articleCommande`(commande_id, article_id, quantite, prixTotal) VALUES (36, 6, 1, '1.44');

INSERT INTO `articleCommande`(commande_id, article_id, quantite, prixTotal) VALUES (37, 7, 1, '2.23');
INSERT INTO `articleCommande`(commande_id, article_id, quantite, prixTotal) VALUES (37, 8, 2, '7.98');
INSERT INTO `articleCommande`(commande_id, article_id, quantite, prixTotal) VALUES (37, 16, 1, '2.23');
INSERT INTO `articleCommande`(commande_id, article_id, quantite, prixTotal) VALUES (37, 25, 1, '4.99');
INSERT INTO `articleCommande`(commande_id, article_id, quantite, prixTotal) VALUES (37, 27, 1, '3.99');
INSERT INTO `articleCommande`(commande_id, article_id, quantite, prixTotal) VALUES (37, 2, 2, '5.76');
INSERT INTO `articleCommande`(commande_id, article_id, quantite, prixTotal) VALUES (37, 21, 1, '4.31');
INSERT INTO `articleCommande`(commande_id, article_id, quantite, prixTotal) VALUES (37, 28, 3, '5.04');
INSERT INTO `articleCommande`(commande_id, article_id, quantite, prixTotal) VALUES (37, 1, 1, '1.99');
INSERT INTO `articleCommande`(commande_id, article_id, quantite, prixTotal) VALUES (37, 6, 1, '1.44');

INSERT INTO `articleCommande`(commande_id, article_id, quantite, prixTotal) VALUES (38, 7, 1, '2.23');
INSERT INTO `articleCommande`(commande_id, article_id, quantite, prixTotal) VALUES (38, 8, 2, '7.98');
INSERT INTO `articleCommande`(commande_id, article_id, quantite, prixTotal) VALUES (38, 16, 1, '2.23');
INSERT INTO `articleCommande`(commande_id, article_id, quantite, prixTotal) VALUES (38, 25, 1, '4.99');
INSERT INTO `articleCommande`(commande_id, article_id, quantite, prixTotal) VALUES (38, 27, 1, '3.99');
INSERT INTO `articleCommande`(commande_id, article_id, quantite, prixTotal) VALUES (38, 2, 2, '5.76');
INSERT INTO `articleCommande`(commande_id, article_id, quantite, prixTotal) VALUES (38, 21, 1, '4.31');
INSERT INTO `articleCommande`(commande_id, article_id, quantite, prixTotal) VALUES (38, 28, 3, '5.04');
INSERT INTO `articleCommande`(commande_id, article_id, quantite, prixTotal) VALUES (38, 1, 1, '1.99');
INSERT INTO `articleCommande`(commande_id, article_id, quantite, prixTotal) VALUES (38, 6, 1, '1.44');

INSERT INTO `articleCommande`(commande_id, article_id, quantite, prixTotal) VALUES (39, 7, 1, '2.23');
INSERT INTO `articleCommande`(commande_id, article_id, quantite, prixTotal) VALUES (39, 8, 2, '7.98');
INSERT INTO `articleCommande`(commande_id, article_id, quantite, prixTotal) VALUES (39, 16, 1, '2.23');
INSERT INTO `articleCommande`(commande_id, article_id, quantite, prixTotal) VALUES (39, 25, 1, '4.99');
INSERT INTO `articleCommande`(commande_id, article_id, quantite, prixTotal) VALUES (39, 27, 1, '3.99');
INSERT INTO `articleCommande`(commande_id, article_id, quantite, prixTotal) VALUES (39, 2, 2, '5.76');
INSERT INTO `articleCommande`(commande_id, article_id, quantite, prixTotal) VALUES (39, 21, 1, '4.31');
INSERT INTO `articleCommande`(commande_id, article_id, quantite, prixTotal) VALUES (39, 28, 3, '5.04');
INSERT INTO `articleCommande`(commande_id, article_id, quantite, prixTotal) VALUES (39, 1, 1, '1.99');
INSERT INTO `articleCommande`(commande_id, article_id, quantite, prixTotal) VALUES (39, 6, 1, '1.44');

INSERT INTO `articleCommande`(commande_id, article_id, quantite, prixTotal) VALUES (40, 7, 1, '2.23');
INSERT INTO `articleCommande`(commande_id, article_id, quantite, prixTotal) VALUES (40, 8, 2, '7.98');
INSERT INTO `articleCommande`(commande_id, article_id, quantite, prixTotal) VALUES (40, 16, 1, '2.23');
INSERT INTO `articleCommande`(commande_id, article_id, quantite, prixTotal) VALUES (40, 25, 1, '4.99');
INSERT INTO `articleCommande`(commande_id, article_id, quantite, prixTotal) VALUES (40, 27, 1, '3.99');
INSERT INTO `articleCommande`(commande_id, article_id, quantite, prixTotal) VALUES (40, 2, 2, '5.76');
INSERT INTO `articleCommande`(commande_id, article_id, quantite, prixTotal) VALUES (40, 21, 1, '4.31');
INSERT INTO `articleCommande`(commande_id, article_id, quantite, prixTotal) VALUES (40, 28, 3, '5.04');
INSERT INTO `articleCommande`(commande_id, article_id, quantite, prixTotal) VALUES (40, 1, 1, '1.99');
INSERT INTO `articleCommande`(commande_id, article_id, quantite, prixTotal) VALUES (40, 6, 1, '1.44');

INSERT INTO `articleCommande`(commande_id, article_id, quantite, prixTotal) VALUES (41, 7, 1, '2.23');
INSERT INTO `articleCommande`(commande_id, article_id, quantite, prixTotal) VALUES (41, 8, 2, '7.98');
INSERT INTO `articleCommande`(commande_id, article_id, quantite, prixTotal) VALUES (41, 16, 1, '2.23');
INSERT INTO `articleCommande`(commande_id, article_id, quantite, prixTotal) VALUES (41, 25, 1, '4.99');
INSERT INTO `articleCommande`(commande_id, article_id, quantite, prixTotal) VALUES (41, 27, 1, '3.99');
INSERT INTO `articleCommande`(commande_id, article_id, quantite, prixTotal) VALUES (41, 2, 2, '5.76');
INSERT INTO `articleCommande`(commande_id, article_id, quantite, prixTotal) VALUES (41, 21, 1, '4.31');
INSERT INTO `articleCommande`(commande_id, article_id, quantite, prixTotal) VALUES (41, 28, 3, '5.04');
INSERT INTO `articleCommande`(commande_id, article_id, quantite, prixTotal) VALUES (41, 1, 1, '1.99');
INSERT INTO `articleCommande`(commande_id, article_id, quantite, prixTotal) VALUES (41, 6, 1, '1.44');

INSERT INTO `articleCommande`(commande_id, article_id, quantite, prixTotal) VALUES (42, 7, 1, '2.23');
INSERT INTO `articleCommande`(commande_id, article_id, quantite, prixTotal) VALUES (42, 8, 2, '7.98');
INSERT INTO `articleCommande`(commande_id, article_id, quantite, prixTotal) VALUES (42, 16, 1, '2.23');
INSERT INTO `articleCommande`(commande_id, article_id, quantite, prixTotal) VALUES (42, 25, 1, '4.99');
INSERT INTO `articleCommande`(commande_id, article_id, quantite, prixTotal) VALUES (42, 27, 1, '3.99');
INSERT INTO `articleCommande`(commande_id, article_id, quantite, prixTotal) VALUES (42, 2, 2, '5.76');
INSERT INTO `articleCommande`(commande_id, article_id, quantite, prixTotal) VALUES (42, 21, 1, '4.31');
INSERT INTO `articleCommande`(commande_id, article_id, quantite, prixTotal) VALUES (42, 28, 3, '5.04');
INSERT INTO `articleCommande`(commande_id, article_id, quantite, prixTotal) VALUES (42, 1, 1, '1.99');
INSERT INTO `articleCommande`(commande_id, article_id, quantite, prixTotal) VALUES (42, 6, 1, '1.44');

INSERT INTO `articleCommande`(commande_id, article_id, quantite, prixTotal) VALUES (43, 7, 1, '2.23');
INSERT INTO `articleCommande`(commande_id, article_id, quantite, prixTotal) VALUES (43, 8, 2, '7.98');
INSERT INTO `articleCommande`(commande_id, article_id, quantite, prixTotal) VALUES (43, 16, 1, '2.23');
INSERT INTO `articleCommande`(commande_id, article_id, quantite, prixTotal) VALUES (43, 25, 1, '4.99');
INSERT INTO `articleCommande`(commande_id, article_id, quantite, prixTotal) VALUES (43, 27, 1, '3.99');
INSERT INTO `articleCommande`(commande_id, article_id, quantite, prixTotal) VALUES (43, 2, 2, '5.76');
INSERT INTO `articleCommande`(commande_id, article_id, quantite, prixTotal) VALUES (43, 21, 1, '4.31');
INSERT INTO `articleCommande`(commande_id, article_id, quantite, prixTotal) VALUES (43, 28, 3, '5.04');
INSERT INTO `articleCommande`(commande_id, article_id, quantite, prixTotal) VALUES (43, 1, 1, '1.99');
INSERT INTO `articleCommande`(commande_id, article_id, quantite, prixTotal) VALUES (43, 6, 1, '1.44');

INSERT INTO `articleCommande`(commande_id, article_id, quantite, prixTotal) VALUES (44, 7, 1, '2.23');
INSERT INTO `articleCommande`(commande_id, article_id, quantite, prixTotal) VALUES (44, 8, 2, '7.98');
INSERT INTO `articleCommande`(commande_id, article_id, quantite, prixTotal) VALUES (44, 16, 1, '2.23');
INSERT INTO `articleCommande`(commande_id, article_id, quantite, prixTotal) VALUES (44, 25, 1, '4.99');
INSERT INTO `articleCommande`(commande_id, article_id, quantite, prixTotal) VALUES (44, 27, 1, '3.99');
INSERT INTO `articleCommande`(commande_id, article_id, quantite, prixTotal) VALUES (44, 2, 2, '5.76');
INSERT INTO `articleCommande`(commande_id, article_id, quantite, prixTotal) VALUES (44, 21, 1, '4.31');
INSERT INTO `articleCommande`(commande_id, article_id, quantite, prixTotal) VALUES (44, 28, 3, '5.04');
INSERT INTO `articleCommande`(commande_id, article_id, quantite, prixTotal) VALUES (44, 1, 1, '1.99');
INSERT INTO `articleCommande`(commande_id, article_id, quantite, prixTotal) VALUES (44, 6, 1, '1.44');

INSERT INTO `articleCommande`(commande_id, article_id, quantite, prixTotal) VALUES (45, 7, 1, '2.23');
INSERT INTO `articleCommande`(commande_id, article_id, quantite, prixTotal) VALUES (45, 8, 2, '7.98');
INSERT INTO `articleCommande`(commande_id, article_id, quantite, prixTotal) VALUES (45, 16, 1, '2.23');
INSERT INTO `articleCommande`(commande_id, article_id, quantite, prixTotal) VALUES (45, 25, 1, '4.99');
INSERT INTO `articleCommande`(commande_id, article_id, quantite, prixTotal) VALUES (45, 27, 1, '3.99');
INSERT INTO `articleCommande`(commande_id, article_id, quantite, prixTotal) VALUES (45, 2, 2, '5.76');
INSERT INTO `articleCommande`(commande_id, article_id, quantite, prixTotal) VALUES (45, 21, 1, '4.31');
INSERT INTO `articleCommande`(commande_id, article_id, quantite, prixTotal) VALUES (45, 28, 3, '5.04');
INSERT INTO `articleCommande`(commande_id, article_id, quantite, prixTotal) VALUES (45, 1, 1, '1.99');
INSERT INTO `articleCommande`(commande_id, article_id, quantite, prixTotal) VALUES (45, 6, 1, '1.44');

INSERT INTO `articleCommande`(commande_id, article_id, quantite, prixTotal) VALUES (46, 7, 1, '2.23');
INSERT INTO `articleCommande`(commande_id, article_id, quantite, prixTotal) VALUES (46, 8, 2, '7.98');
INSERT INTO `articleCommande`(commande_id, article_id, quantite, prixTotal) VALUES (46, 16, 1, '2.23');
INSERT INTO `articleCommande`(commande_id, article_id, quantite, prixTotal) VALUES (46, 25, 1, '4.99');
INSERT INTO `articleCommande`(commande_id, article_id, quantite, prixTotal) VALUES (46, 27, 1, '3.99');
INSERT INTO `articleCommande`(commande_id, article_id, quantite, prixTotal) VALUES (46, 2, 2, '5.76');
INSERT INTO `articleCommande`(commande_id, article_id, quantite, prixTotal) VALUES (46, 21, 1, '4.31');
INSERT INTO `articleCommande`(commande_id, article_id, quantite, prixTotal) VALUES (46, 28, 3, '5.04');
INSERT INTO `articleCommande`(commande_id, article_id, quantite, prixTotal) VALUES (46, 1, 1, '1.99');
INSERT INTO `articleCommande`(commande_id, article_id, quantite, prixTotal) VALUES (46, 6, 1, '1.44');

INSERT INTO `articleCommande`(commande_id, article_id, quantite, prixTotal) VALUES (47, 7, 1, '2.23');
INSERT INTO `articleCommande`(commande_id, article_id, quantite, prixTotal) VALUES (47, 8, 2, '7.98');
INSERT INTO `articleCommande`(commande_id, article_id, quantite, prixTotal) VALUES (47, 16, 1, '2.23');
INSERT INTO `articleCommande`(commande_id, article_id, quantite, prixTotal) VALUES (47, 25, 1, '4.99');
INSERT INTO `articleCommande`(commande_id, article_id, quantite, prixTotal) VALUES (47, 27, 1, '3.99');
INSERT INTO `articleCommande`(commande_id, article_id, quantite, prixTotal) VALUES (47, 2, 2, '5.76');
INSERT INTO `articleCommande`(commande_id, article_id, quantite, prixTotal) VALUES (47, 21, 1, '4.31');
INSERT INTO `articleCommande`(commande_id, article_id, quantite, prixTotal) VALUES (47, 28, 3, '5.04');
INSERT INTO `articleCommande`(commande_id, article_id, quantite, prixTotal) VALUES (47, 1, 1, '1.99');
INSERT INTO `articleCommande`(commande_id, article_id, quantite, prixTotal) VALUES (47, 6, 1, '1.44');

INSERT INTO `articleCommande`(commande_id, article_id, quantite, prixTotal) VALUES (48, 7, 1, '2.23');
INSERT INTO `articleCommande`(commande_id, article_id, quantite, prixTotal) VALUES (48, 8, 2, '7.98');
INSERT INTO `articleCommande`(commande_id, article_id, quantite, prixTotal) VALUES (48, 16, 1, '2.23');
INSERT INTO `articleCommande`(commande_id, article_id, quantite, prixTotal) VALUES (48, 25, 1, '4.99');
INSERT INTO `articleCommande`(commande_id, article_id, quantite, prixTotal) VALUES (48, 27, 1, '3.99');
INSERT INTO `articleCommande`(commande_id, article_id, quantite, prixTotal) VALUES (48, 2, 2, '5.76');
INSERT INTO `articleCommande`(commande_id, article_id, quantite, prixTotal) VALUES (48, 21, 1, '4.31');
INSERT INTO `articleCommande`(commande_id, article_id, quantite, prixTotal) VALUES (48, 28, 3, '5.04');
INSERT INTO `articleCommande`(commande_id, article_id, quantite, prixTotal) VALUES (48, 1, 1, '1.99');
INSERT INTO `articleCommande`(commande_id, article_id, quantite, prixTotal) VALUES (48, 6, 1, '1.44');

INSERT INTO `articleCommande`(commande_id, article_id, quantite, prixTotal) VALUES (49, 7, 1, '2.23');
INSERT INTO `articleCommande`(commande_id, article_id, quantite, prixTotal) VALUES (49, 8, 2, '7.98');
INSERT INTO `articleCommande`(commande_id, article_id, quantite, prixTotal) VALUES (49, 16, 1, '2.23');
INSERT INTO `articleCommande`(commande_id, article_id, quantite, prixTotal) VALUES (49, 25, 1, '4.99');
INSERT INTO `articleCommande`(commande_id, article_id, quantite, prixTotal) VALUES (49, 27, 1, '3.99');
INSERT INTO `articleCommande`(commande_id, article_id, quantite, prixTotal) VALUES (49, 2, 2, '5.76');
INSERT INTO `articleCommande`(commande_id, article_id, quantite, prixTotal) VALUES (49, 21, 1, '4.31');
INSERT INTO `articleCommande`(commande_id, article_id, quantite, prixTotal) VALUES (49, 28, 3, '5.04');
INSERT INTO `articleCommande`(commande_id, article_id, quantite, prixTotal) VALUES (49, 1, 1, '1.99');
INSERT INTO `articleCommande`(commande_id, article_id, quantite, prixTotal) VALUES (49, 6, 1, '1.44');

INSERT INTO `articleCommande`(commande_id, article_id, quantite, prixTotal) VALUES (50, 7, 1, '2.23');
INSERT INTO `articleCommande`(commande_id, article_id, quantite, prixTotal) VALUES (50, 8, 2, '7.98');
INSERT INTO `articleCommande`(commande_id, article_id, quantite, prixTotal) VALUES (50, 16, 1, '2.23');
INSERT INTO `articleCommande`(commande_id, article_id, quantite, prixTotal) VALUES (50, 25, 1, '4.99');
INSERT INTO `articleCommande`(commande_id, article_id, quantite, prixTotal) VALUES (50, 27, 1, '3.99');
INSERT INTO `articleCommande`(commande_id, article_id, quantite, prixTotal) VALUES (50, 2, 2, '5.76');
INSERT INTO `articleCommande`(commande_id, article_id, quantite, prixTotal) VALUES (50, 21, 1, '4.31');
INSERT INTO `articleCommande`(commande_id, article_id, quantite, prixTotal) VALUES (50, 28, 3, '5.04');
INSERT INTO `articleCommande`(commande_id, article_id, quantite, prixTotal) VALUES (50, 1, 1, '1.99');
INSERT INTO `articleCommande`(commande_id, article_id, quantite, prixTotal) VALUES (50, 6, 1, '1.44');

INSERT INTO `articleCommande`(commande_id, article_id, quantite, prixTotal) VALUES (51, 7, 1, '2.23');
INSERT INTO `articleCommande`(commande_id, article_id, quantite, prixTotal) VALUES (51, 8, 2, '7.98');
INSERT INTO `articleCommande`(commande_id, article_id, quantite, prixTotal) VALUES (51, 16, 1, '2.23');
INSERT INTO `articleCommande`(commande_id, article_id, quantite, prixTotal) VALUES (51, 25, 1, '4.99');
INSERT INTO `articleCommande`(commande_id, article_id, quantite, prixTotal) VALUES (51, 27, 1, '3.99');
INSERT INTO `articleCommande`(commande_id, article_id, quantite, prixTotal) VALUES (51, 2, 2, '5.76');
INSERT INTO `articleCommande`(commande_id, article_id, quantite, prixTotal) VALUES (51, 21, 1, '4.31');
INSERT INTO `articleCommande`(commande_id, article_id, quantite, prixTotal) VALUES (51, 28, 3, '5.04');
INSERT INTO `articleCommande`(commande_id, article_id, quantite, prixTotal) VALUES (51, 1, 1, '1.99');
INSERT INTO `articleCommande`(commande_id, article_id, quantite, prixTotal) VALUES (51, 6, 1, '1.44');

INSERT INTO `articleCommande`(commande_id, article_id, quantite, prixTotal) VALUES (52, 7, 1, '2.23');
INSERT INTO `articleCommande`(commande_id, article_id, quantite, prixTotal) VALUES (52, 8, 2, '7.98');
INSERT INTO `articleCommande`(commande_id, article_id, quantite, prixTotal) VALUES (52, 16, 1, '2.23');
INSERT INTO `articleCommande`(commande_id, article_id, quantite, prixTotal) VALUES (52, 25, 1, '4.99');
INSERT INTO `articleCommande`(commande_id, article_id, quantite, prixTotal) VALUES (52, 27, 1, '3.99');
INSERT INTO `articleCommande`(commande_id, article_id, quantite, prixTotal) VALUES (52, 2, 2, '5.76');
INSERT INTO `articleCommande`(commande_id, article_id, quantite, prixTotal) VALUES (52, 21, 1, '4.31');
INSERT INTO `articleCommande`(commande_id, article_id, quantite, prixTotal) VALUES (52, 28, 3, '5.04');
INSERT INTO `articleCommande`(commande_id, article_id, quantite, prixTotal) VALUES (52, 1, 1, '1.99');
INSERT INTO `articleCommande`(commande_id, article_id, quantite, prixTotal) VALUES (52, 6, 1, '1.44');

INSERT INTO `articleCommande`(commande_id, article_id, quantite, prixTotal) VALUES (53, 7, 1, '2.23');
INSERT INTO `articleCommande`(commande_id, article_id, quantite, prixTotal) VALUES (53, 8, 2, '7.98');
INSERT INTO `articleCommande`(commande_id, article_id, quantite, prixTotal) VALUES (53, 16, 1, '2.23');
INSERT INTO `articleCommande`(commande_id, article_id, quantite, prixTotal) VALUES (53, 25, 1, '4.99');
INSERT INTO `articleCommande`(commande_id, article_id, quantite, prixTotal) VALUES (53, 27, 1, '3.99');
INSERT INTO `articleCommande`(commande_id, article_id, quantite, prixTotal) VALUES (53, 2, 2, '5.76');
INSERT INTO `articleCommande`(commande_id, article_id, quantite, prixTotal) VALUES (53, 21, 1, '4.31');
INSERT INTO `articleCommande`(commande_id, article_id, quantite, prixTotal) VALUES (53, 28, 3, '5.04');
INSERT INTO `articleCommande`(commande_id, article_id, quantite, prixTotal) VALUES (53, 1, 1, '1.99');
INSERT INTO `articleCommande`(commande_id, article_id, quantite, prixTotal) VALUES (53, 6, 1, '1.44');

INSERT INTO `articleCommande`(commande_id, article_id, quantite, prixTotal) VALUES (54, 7, 1, '2.23');
INSERT INTO `articleCommande`(commande_id, article_id, quantite, prixTotal) VALUES (54, 8, 2, '7.98');
INSERT INTO `articleCommande`(commande_id, article_id, quantite, prixTotal) VALUES (54, 16, 1, '2.23');
INSERT INTO `articleCommande`(commande_id, article_id, quantite, prixTotal) VALUES (54, 25, 1, '4.99');
INSERT INTO `articleCommande`(commande_id, article_id, quantite, prixTotal) VALUES (54, 27, 1, '3.99');
INSERT INTO `articleCommande`(commande_id, article_id, quantite, prixTotal) VALUES (54, 2, 2, '5.76');
INSERT INTO `articleCommande`(commande_id, article_id, quantite, prixTotal) VALUES (54, 21, 1, '4.31');
INSERT INTO `articleCommande`(commande_id, article_id, quantite, prixTotal) VALUES (54, 28, 3, '5.04');
INSERT INTO `articleCommande`(commande_id, article_id, quantite, prixTotal) VALUES (54, 1, 1, '1.99');
INSERT INTO `articleCommande`(commande_id, article_id, quantite, prixTotal) VALUES (54, 6, 1, '1.44');

INSERT INTO `articleCommande`(commande_id, article_id, quantite, prixTotal) VALUES (55, 7, 1, '2.23');
INSERT INTO `articleCommande`(commande_id, article_id, quantite, prixTotal) VALUES (55, 8, 2, '7.98');
INSERT INTO `articleCommande`(commande_id, article_id, quantite, prixTotal) VALUES (55, 16, 1, '2.23');
INSERT INTO `articleCommande`(commande_id, article_id, quantite, prixTotal) VALUES (55, 25, 1, '4.99');
INSERT INTO `articleCommande`(commande_id, article_id, quantite, prixTotal) VALUES (55, 27, 1, '3.99');
INSERT INTO `articleCommande`(commande_id, article_id, quantite, prixTotal) VALUES (55, 2, 2, '5.76');
INSERT INTO `articleCommande`(commande_id, article_id, quantite, prixTotal) VALUES (55, 21, 1, '4.31');
INSERT INTO `articleCommande`(commande_id, article_id, quantite, prixTotal) VALUES (55, 28, 3, '5.04');
INSERT INTO `articleCommande`(commande_id, article_id, quantite, prixTotal) VALUES (55, 1, 1, '1.99');
INSERT INTO `articleCommande`(commande_id, article_id, quantite, prixTotal) VALUES (55, 6, 1, '1.44');

INSERT INTO `articleCommande`(commande_id, article_id, quantite, prixTotal) VALUES (56, 7, 1, '2.23');
INSERT INTO `articleCommande`(commande_id, article_id, quantite, prixTotal) VALUES (56, 8, 2, '7.98');
INSERT INTO `articleCommande`(commande_id, article_id, quantite, prixTotal) VALUES (56, 16, 1, '2.23');
INSERT INTO `articleCommande`(commande_id, article_id, quantite, prixTotal) VALUES (56, 25, 1, '4.99');
INSERT INTO `articleCommande`(commande_id, article_id, quantite, prixTotal) VALUES (56, 27, 1, '3.99');
INSERT INTO `articleCommande`(commande_id, article_id, quantite, prixTotal) VALUES (56, 2, 2, '5.76');
INSERT INTO `articleCommande`(commande_id, article_id, quantite, prixTotal) VALUES (56, 21, 1, '4.31');
INSERT INTO `articleCommande`(commande_id, article_id, quantite, prixTotal) VALUES (56, 28, 3, '5.04');
INSERT INTO `articleCommande`(commande_id, article_id, quantite, prixTotal) VALUES (56, 1, 1, '1.99');
INSERT INTO `articleCommande`(commande_id, article_id, quantite, prixTotal) VALUES (56, 6, 1, '1.44');

INSERT INTO `articleCommande`(commande_id, article_id, quantite, prixTotal) VALUES (57, 7, 1, '2.23');
INSERT INTO `articleCommande`(commande_id, article_id, quantite, prixTotal) VALUES (57, 8, 2, '7.98');
INSERT INTO `articleCommande`(commande_id, article_id, quantite, prixTotal) VALUES (57, 16, 1, '2.23');
INSERT INTO `articleCommande`(commande_id, article_id, quantite, prixTotal) VALUES (57, 25, 1, '4.99');
INSERT INTO `articleCommande`(commande_id, article_id, quantite, prixTotal) VALUES (57, 27, 1, '3.99');
INSERT INTO `articleCommande`(commande_id, article_id, quantite, prixTotal) VALUES (57, 2, 2, '5.76');
INSERT INTO `articleCommande`(commande_id, article_id, quantite, prixTotal) VALUES (57, 21, 1, '4.31');
INSERT INTO `articleCommande`(commande_id, article_id, quantite, prixTotal) VALUES (57, 28, 3, '5.04');
INSERT INTO `articleCommande`(commande_id, article_id, quantite, prixTotal) VALUES (57, 1, 1, '1.99');
INSERT INTO `articleCommande`(commande_id, article_id, quantite, prixTotal) VALUES (57, 6, 1, '1.44');

INSERT INTO `articleCommande`(commande_id, article_id, quantite, prixTotal) VALUES (58, 7, 1, '2.23');
INSERT INTO `articleCommande`(commande_id, article_id, quantite, prixTotal) VALUES (58, 8, 2, '7.98');
INSERT INTO `articleCommande`(commande_id, article_id, quantite, prixTotal) VALUES (58, 16, 1, '2.23');
INSERT INTO `articleCommande`(commande_id, article_id, quantite, prixTotal) VALUES (58, 25, 1, '4.99');
INSERT INTO `articleCommande`(commande_id, article_id, quantite, prixTotal) VALUES (58, 27, 1, '3.99');
INSERT INTO `articleCommande`(commande_id, article_id, quantite, prixTotal) VALUES (58, 2, 2, '5.76');
INSERT INTO `articleCommande`(commande_id, article_id, quantite, prixTotal) VALUES (58, 21, 1, '4.31');
INSERT INTO `articleCommande`(commande_id, article_id, quantite, prixTotal) VALUES (58, 28, 3, '5.04');
INSERT INTO `articleCommande`(commande_id, article_id, quantite, prixTotal) VALUES (58, 1, 1, '1.99');
INSERT INTO `articleCommande`(commande_id, article_id, quantite, prixTotal) VALUES (58, 6, 1, '1.44');

INSERT INTO `articleCommande`(commande_id, article_id, quantite, prixTotal) VALUES (59, 7, 1, '2.23');
INSERT INTO `articleCommande`(commande_id, article_id, quantite, prixTotal) VALUES (59, 8, 2, '7.98');
INSERT INTO `articleCommande`(commande_id, article_id, quantite, prixTotal) VALUES (59, 16, 1, '2.23');
INSERT INTO `articleCommande`(commande_id, article_id, quantite, prixTotal) VALUES (59, 25, 1, '4.99');
INSERT INTO `articleCommande`(commande_id, article_id, quantite, prixTotal) VALUES (59, 27, 1, '3.99');
INSERT INTO `articleCommande`(commande_id, article_id, quantite, prixTotal) VALUES (59, 2, 2, '5.76');
INSERT INTO `articleCommande`(commande_id, article_id, quantite, prixTotal) VALUES (59, 21, 1, '4.31');
INSERT INTO `articleCommande`(commande_id, article_id, quantite, prixTotal) VALUES (59, 28, 3, '5.04');
INSERT INTO `articleCommande`(commande_id, article_id, quantite, prixTotal) VALUES (59, 1, 1, '1.99');
INSERT INTO `articleCommande`(commande_id, article_id, quantite, prixTotal) VALUES (59, 6, 1, '1.44');

INSERT INTO `articleCommande`(commande_id, article_id, quantite, prixTotal) VALUES (60, 7, 1, '2.23');
INSERT INTO `articleCommande`(commande_id, article_id, quantite, prixTotal) VALUES (60, 8, 2, '7.98');
INSERT INTO `articleCommande`(commande_id, article_id, quantite, prixTotal) VALUES (60, 16, 1, '2.23');
INSERT INTO `articleCommande`(commande_id, article_id, quantite, prixTotal) VALUES (60, 25, 1, '4.99');
INSERT INTO `articleCommande`(commande_id, article_id, quantite, prixTotal) VALUES (60, 27, 1, '3.99');
INSERT INTO `articleCommande`(commande_id, article_id, quantite, prixTotal) VALUES (60, 2, 2, '5.76');
INSERT INTO `articleCommande`(commande_id, article_id, quantite, prixTotal) VALUES (60, 21, 1, '4.31');
INSERT INTO `articleCommande`(commande_id, article_id, quantite, prixTotal) VALUES (60, 28, 3, '5.04');
INSERT INTO `articleCommande`(commande_id, article_id, quantite, prixTotal) VALUES (60, 1, 1, '1.99');
INSERT INTO `articleCommande`(commande_id, article_id, quantite, prixTotal) VALUES (60, 6, 1, '1.44');

INSERT INTO `articleCommande`(commande_id, article_id, quantite, prixTotal) VALUES (61, 7, 1, '2.23');
INSERT INTO `articleCommande`(commande_id, article_id, quantite, prixTotal) VALUES (61, 8, 2, '7.98');
INSERT INTO `articleCommande`(commande_id, article_id, quantite, prixTotal) VALUES (61, 16, 1, '2.23');
INSERT INTO `articleCommande`(commande_id, article_id, quantite, prixTotal) VALUES (61, 25, 1, '4.99');
INSERT INTO `articleCommande`(commande_id, article_id, quantite, prixTotal) VALUES (61, 27, 1, '3.99');
INSERT INTO `articleCommande`(commande_id, article_id, quantite, prixTotal) VALUES (61, 2, 2, '5.76');
INSERT INTO `articleCommande`(commande_id, article_id, quantite, prixTotal) VALUES (61, 21, 1, '4.31');
INSERT INTO `articleCommande`(commande_id, article_id, quantite, prixTotal) VALUES (61, 28, 3, '5.04');
INSERT INTO `articleCommande`(commande_id, article_id, quantite, prixTotal) VALUES (61, 1, 1, '1.99');
INSERT INTO `articleCommande`(commande_id, article_id, quantite, prixTotal) VALUES (61, 6, 1, '1.44');

INSERT INTO `articleCommande`(commande_id, article_id, quantite, prixTotal) VALUES (62, 7, 1, '2.23');
INSERT INTO `articleCommande`(commande_id, article_id, quantite, prixTotal) VALUES (62, 8, 2, '7.98');
INSERT INTO `articleCommande`(commande_id, article_id, quantite, prixTotal) VALUES (62, 16, 1, '2.23');
INSERT INTO `articleCommande`(commande_id, article_id, quantite, prixTotal) VALUES (62, 25, 1, '4.99');
INSERT INTO `articleCommande`(commande_id, article_id, quantite, prixTotal) VALUES (62, 27, 1, '3.99');
INSERT INTO `articleCommande`(commande_id, article_id, quantite, prixTotal) VALUES (62, 2, 2, '5.76');
INSERT INTO `articleCommande`(commande_id, article_id, quantite, prixTotal) VALUES (62, 21, 1, '4.31');
INSERT INTO `articleCommande`(commande_id, article_id, quantite, prixTotal) VALUES (62, 28, 3, '5.04');
INSERT INTO `articleCommande`(commande_id, article_id, quantite, prixTotal) VALUES (62, 1, 1, '1.99');
INSERT INTO `articleCommande`(commande_id, article_id, quantite, prixTotal) VALUES (62, 6, 1, '1.44');

INSERT INTO `articleCommande`(commande_id, article_id, quantite, prixTotal) VALUES (63, 7, 1, '2.23');
INSERT INTO `articleCommande`(commande_id, article_id, quantite, prixTotal) VALUES (63, 8, 2, '7.98');
INSERT INTO `articleCommande`(commande_id, article_id, quantite, prixTotal) VALUES (63, 16, 1, '2.23');
INSERT INTO `articleCommande`(commande_id, article_id, quantite, prixTotal) VALUES (63, 25, 1, '4.99');
INSERT INTO `articleCommande`(commande_id, article_id, quantite, prixTotal) VALUES (63, 27, 1, '3.99');
INSERT INTO `articleCommande`(commande_id, article_id, quantite, prixTotal) VALUES (63, 2, 2, '5.76');
INSERT INTO `articleCommande`(commande_id, article_id, quantite, prixTotal) VALUES (63, 21, 1, '4.31');
INSERT INTO `articleCommande`(commande_id, article_id, quantite, prixTotal) VALUES (63, 28, 3, '5.04');
INSERT INTO `articleCommande`(commande_id, article_id, quantite, prixTotal) VALUES (63, 1, 1, '1.99');
INSERT INTO `articleCommande`(commande_id, article_id, quantite, prixTotal) VALUES (63, 6, 1, '1.44');

INSERT INTO `articleCommande`(commande_id, article_id, quantite, prixTotal) VALUES (64, 7, 1, '2.23');
INSERT INTO `articleCommande`(commande_id, article_id, quantite, prixTotal) VALUES (64, 8, 2, '7.98');
INSERT INTO `articleCommande`(commande_id, article_id, quantite, prixTotal) VALUES (64, 16, 1, '2.23');
INSERT INTO `articleCommande`(commande_id, article_id, quantite, prixTotal) VALUES (64, 25, 1, '4.99');
INSERT INTO `articleCommande`(commande_id, article_id, quantite, prixTotal) VALUES (64, 27, 1, '3.99');
INSERT INTO `articleCommande`(commande_id, article_id, quantite, prixTotal) VALUES (64, 2, 2, '5.76');
INSERT INTO `articleCommande`(commande_id, article_id, quantite, prixTotal) VALUES (64, 21, 1, '4.31');
INSERT INTO `articleCommande`(commande_id, article_id, quantite, prixTotal) VALUES (64, 28, 3, '5.04');
INSERT INTO `articleCommande`(commande_id, article_id, quantite, prixTotal) VALUES (64, 1, 1, '1.99');
INSERT INTO `articleCommande`(commande_id, article_id, quantite, prixTotal) VALUES (64, 6, 1, '1.44');

INSERT INTO `articleCommande`(commande_id, article_id, quantite, prixTotal) VALUES (65, 7, 1, '2.23');
INSERT INTO `articleCommande`(commande_id, article_id, quantite, prixTotal) VALUES (65, 8, 2, '7.98');
INSERT INTO `articleCommande`(commande_id, article_id, quantite, prixTotal) VALUES (65, 16, 1, '2.23');
INSERT INTO `articleCommande`(commande_id, article_id, quantite, prixTotal) VALUES (65, 25, 1, '4.99');
INSERT INTO `articleCommande`(commande_id, article_id, quantite, prixTotal) VALUES (65, 27, 1, '3.99');
INSERT INTO `articleCommande`(commande_id, article_id, quantite, prixTotal) VALUES (65, 2, 2, '5.76');
INSERT INTO `articleCommande`(commande_id, article_id, quantite, prixTotal) VALUES (65, 21, 1, '4.31');
INSERT INTO `articleCommande`(commande_id, article_id, quantite, prixTotal) VALUES (65, 28, 3, '5.04');
INSERT INTO `articleCommande`(commande_id, article_id, quantite, prixTotal) VALUES (65, 1, 1, '1.99');
INSERT INTO `articleCommande`(commande_id, article_id, quantite, prixTotal) VALUES (65, 6, 1, '1.44');

INSERT INTO `articleCommande`(commande_id, article_id, quantite, prixTotal) VALUES (66, 7, 1, '2.23');
INSERT INTO `articleCommande`(commande_id, article_id, quantite, prixTotal) VALUES (66, 8, 2, '7.98');
INSERT INTO `articleCommande`(commande_id, article_id, quantite, prixTotal) VALUES (66, 16, 1, '2.23');
INSERT INTO `articleCommande`(commande_id, article_id, quantite, prixTotal) VALUES (66, 25, 1, '4.99');
INSERT INTO `articleCommande`(commande_id, article_id, quantite, prixTotal) VALUES (66, 27, 1, '3.99');
INSERT INTO `articleCommande`(commande_id, article_id, quantite, prixTotal) VALUES (66, 2, 2, '5.76');
INSERT INTO `articleCommande`(commande_id, article_id, quantite, prixTotal) VALUES (66, 21, 1, '4.31');
INSERT INTO `articleCommande`(commande_id, article_id, quantite, prixTotal) VALUES (66, 28, 3, '5.04');
INSERT INTO `articleCommande`(commande_id, article_id, quantite, prixTotal) VALUES (66, 1, 1, '1.99');
INSERT INTO `articleCommande`(commande_id, article_id, quantite, prixTotal) VALUES (66, 6, 1, '1.44');

INSERT INTO `articleCommande`(commande_id, article_id, quantite, prixTotal) VALUES (67, 7, 1, '2.23');
INSERT INTO `articleCommande`(commande_id, article_id, quantite, prixTotal) VALUES (67, 8, 2, '7.98');
INSERT INTO `articleCommande`(commande_id, article_id, quantite, prixTotal) VALUES (67, 16, 1, '2.23');
INSERT INTO `articleCommande`(commande_id, article_id, quantite, prixTotal) VALUES (67, 25, 1, '4.99');
INSERT INTO `articleCommande`(commande_id, article_id, quantite, prixTotal) VALUES (67, 27, 1, '3.99');
INSERT INTO `articleCommande`(commande_id, article_id, quantite, prixTotal) VALUES (67, 2, 2, '5.76');
INSERT INTO `articleCommande`(commande_id, article_id, quantite, prixTotal) VALUES (67, 21, 1, '4.31');
INSERT INTO `articleCommande`(commande_id, article_id, quantite, prixTotal) VALUES (67, 28, 3, '5.04');
INSERT INTO `articleCommande`(commande_id, article_id, quantite, prixTotal) VALUES (67, 1, 1, '1.99');
INSERT INTO `articleCommande`(commande_id, article_id, quantite, prixTotal) VALUES (67, 6, 1, '1.44');

INSERT INTO `articleCommande`(commande_id, article_id, quantite, prixTotal) VALUES (68, 7, 1, '2.23');
INSERT INTO `articleCommande`(commande_id, article_id, quantite, prixTotal) VALUES (68, 8, 2, '7.98');
INSERT INTO `articleCommande`(commande_id, article_id, quantite, prixTotal) VALUES (68, 16, 1, '2.23');
INSERT INTO `articleCommande`(commande_id, article_id, quantite, prixTotal) VALUES (68, 25, 1, '4.99');
INSERT INTO `articleCommande`(commande_id, article_id, quantite, prixTotal) VALUES (68, 27, 1, '3.99');
INSERT INTO `articleCommande`(commande_id, article_id, quantite, prixTotal) VALUES (68, 2, 2, '5.76');
INSERT INTO `articleCommande`(commande_id, article_id, quantite, prixTotal) VALUES (68, 21, 1, '4.31');
INSERT INTO `articleCommande`(commande_id, article_id, quantite, prixTotal) VALUES (68, 28, 3, '5.04');
INSERT INTO `articleCommande`(commande_id, article_id, quantite, prixTotal) VALUES (68, 1, 1, '1.99');
INSERT INTO `articleCommande`(commande_id, article_id, quantite, prixTotal) VALUES (68, 6, 1, '1.44');

INSERT INTO `articleCommande`(commande_id, article_id, quantite, prixTotal) VALUES (69, 7, 1, '2.23');
INSERT INTO `articleCommande`(commande_id, article_id, quantite, prixTotal) VALUES (69, 8, 2, '7.98');
INSERT INTO `articleCommande`(commande_id, article_id, quantite, prixTotal) VALUES (69, 16, 1, '2.23');
INSERT INTO `articleCommande`(commande_id, article_id, quantite, prixTotal) VALUES (69, 25, 1, '4.99');
INSERT INTO `articleCommande`(commande_id, article_id, quantite, prixTotal) VALUES (69, 27, 1, '3.99');
INSERT INTO `articleCommande`(commande_id, article_id, quantite, prixTotal) VALUES (69, 2, 2, '5.76');
INSERT INTO `articleCommande`(commande_id, article_id, quantite, prixTotal) VALUES (69, 21, 1, '4.31');
INSERT INTO `articleCommande`(commande_id, article_id, quantite, prixTotal) VALUES (69, 28, 3, '5.04');
INSERT INTO `articleCommande`(commande_id, article_id, quantite, prixTotal) VALUES (69, 1, 1, '1.99');
INSERT INTO `articleCommande`(commande_id, article_id, quantite, prixTotal) VALUES (69, 6, 1, '1.44');

INSERT INTO `articleCommande`(commande_id, article_id, quantite, prixTotal) VALUES (70, 7, 1, '2.23');
INSERT INTO `articleCommande`(commande_id, article_id, quantite, prixTotal) VALUES (70, 8, 2, '7.98');
INSERT INTO `articleCommande`(commande_id, article_id, quantite, prixTotal) VALUES (70, 16, 1, '2.23');
INSERT INTO `articleCommande`(commande_id, article_id, quantite, prixTotal) VALUES (70, 25, 1, '4.99');
INSERT INTO `articleCommande`(commande_id, article_id, quantite, prixTotal) VALUES (70, 27, 1, '3.99');
INSERT INTO `articleCommande`(commande_id, article_id, quantite, prixTotal) VALUES (70, 2, 2, '5.76');
INSERT INTO `articleCommande`(commande_id, article_id, quantite, prixTotal) VALUES (70, 21, 1, '4.31');
INSERT INTO `articleCommande`(commande_id, article_id, quantite, prixTotal) VALUES (70, 28, 3, '5.04');
INSERT INTO `articleCommande`(commande_id, article_id, quantite, prixTotal) VALUES (70, 1, 1, '1.99');
INSERT INTO `articleCommande`(commande_id, article_id, quantite, prixTotal) VALUES (70, 6, 1, '1.44');

INSERT INTO `articleCommande`(commande_id, article_id, quantite, prixTotal) VALUES (71, 7, 1, '2.23');
INSERT INTO `articleCommande`(commande_id, article_id, quantite, prixTotal) VALUES (71, 8, 2, '7.98');
INSERT INTO `articleCommande`(commande_id, article_id, quantite, prixTotal) VALUES (71, 16, 1, '2.23');
INSERT INTO `articleCommande`(commande_id, article_id, quantite, prixTotal) VALUES (71, 25, 1, '4.99');
INSERT INTO `articleCommande`(commande_id, article_id, quantite, prixTotal) VALUES (71, 27, 1, '3.99');
INSERT INTO `articleCommande`(commande_id, article_id, quantite, prixTotal) VALUES (71, 2, 2, '5.76');
INSERT INTO `articleCommande`(commande_id, article_id, quantite, prixTotal) VALUES (71, 21, 1, '4.31');
INSERT INTO `articleCommande`(commande_id, article_id, quantite, prixTotal) VALUES (71, 28, 3, '5.04');
INSERT INTO `articleCommande`(commande_id, article_id, quantite, prixTotal) VALUES (71, 1, 1, '1.99');
INSERT INTO `articleCommande`(commande_id, article_id, quantite, prixTotal) VALUES (71, 6, 1, '1.44');

INSERT INTO `articleCommande`(commande_id, article_id, quantite, prixTotal) VALUES (72, 7, 1, '2.23');
INSERT INTO `articleCommande`(commande_id, article_id, quantite, prixTotal) VALUES (72, 8, 2, '7.98');
INSERT INTO `articleCommande`(commande_id, article_id, quantite, prixTotal) VALUES (72, 16, 1, '2.23');
INSERT INTO `articleCommande`(commande_id, article_id, quantite, prixTotal) VALUES (72, 25, 1, '4.99');
INSERT INTO `articleCommande`(commande_id, article_id, quantite, prixTotal) VALUES (72, 27, 1, '3.99');
INSERT INTO `articleCommande`(commande_id, article_id, quantite, prixTotal) VALUES (72, 2, 2, '5.76');
INSERT INTO `articleCommande`(commande_id, article_id, quantite, prixTotal) VALUES (72, 21, 1, '4.31');
INSERT INTO `articleCommande`(commande_id, article_id, quantite, prixTotal) VALUES (72, 28, 3, '5.04');
INSERT INTO `articleCommande`(commande_id, article_id, quantite, prixTotal) VALUES (72, 1, 1, '1.99');
INSERT INTO `articleCommande`(commande_id, article_id, quantite, prixTotal) VALUES (72, 6, 1, '1.44');

INSERT INTO `articleCommande`(commande_id, article_id, quantite, prixTotal) VALUES (73, 7, 1, '2.23');
INSERT INTO `articleCommande`(commande_id, article_id, quantite, prixTotal) VALUES (73, 8, 2, '7.98');
INSERT INTO `articleCommande`(commande_id, article_id, quantite, prixTotal) VALUES (73, 16, 1, '2.23');
INSERT INTO `articleCommande`(commande_id, article_id, quantite, prixTotal) VALUES (73, 25, 1, '4.99');
INSERT INTO `articleCommande`(commande_id, article_id, quantite, prixTotal) VALUES (73, 27, 1, '3.99');
INSERT INTO `articleCommande`(commande_id, article_id, quantite, prixTotal) VALUES (73, 2, 2, '5.76');
INSERT INTO `articleCommande`(commande_id, article_id, quantite, prixTotal) VALUES (73, 21, 1, '4.31');
INSERT INTO `articleCommande`(commande_id, article_id, quantite, prixTotal) VALUES (73, 28, 3, '5.04');
INSERT INTO `articleCommande`(commande_id, article_id, quantite, prixTotal) VALUES (73, 1, 1, '1.99');
INSERT INTO `articleCommande`(commande_id, article_id, quantite, prixTotal) VALUES (73, 6, 1, '1.44');

INSERT INTO `articleCommande`(commande_id, article_id, quantite, prixTotal) VALUES (74, 7, 1, '2.23');
INSERT INTO `articleCommande`(commande_id, article_id, quantite, prixTotal) VALUES (74, 8, 2, '7.98');
INSERT INTO `articleCommande`(commande_id, article_id, quantite, prixTotal) VALUES (74, 16, 1, '2.23');
INSERT INTO `articleCommande`(commande_id, article_id, quantite, prixTotal) VALUES (74, 25, 1, '4.99');
INSERT INTO `articleCommande`(commande_id, article_id, quantite, prixTotal) VALUES (74, 27, 1, '3.99');
INSERT INTO `articleCommande`(commande_id, article_id, quantite, prixTotal) VALUES (74, 2, 2, '5.76');
INSERT INTO `articleCommande`(commande_id, article_id, quantite, prixTotal) VALUES (74, 21, 1, '4.31');
INSERT INTO `articleCommande`(commande_id, article_id, quantite, prixTotal) VALUES (74, 28, 3, '5.04');
INSERT INTO `articleCommande`(commande_id, article_id, quantite, prixTotal) VALUES (74, 1, 1, '1.99');
INSERT INTO `articleCommande`(commande_id, article_id, quantite, prixTotal) VALUES (74, 6, 1, '1.44');

INSERT INTO `articleCommande`(commande_id, article_id, quantite, prixTotal) VALUES (75, 7, 1, '2.23');
INSERT INTO `articleCommande`(commande_id, article_id, quantite, prixTotal) VALUES (75, 8, 2, '7.98');
INSERT INTO `articleCommande`(commande_id, article_id, quantite, prixTotal) VALUES (75, 16, 1, '2.23');
INSERT INTO `articleCommande`(commande_id, article_id, quantite, prixTotal) VALUES (75, 25, 1, '4.99');
INSERT INTO `articleCommande`(commande_id, article_id, quantite, prixTotal) VALUES (75, 27, 1, '3.99');
INSERT INTO `articleCommande`(commande_id, article_id, quantite, prixTotal) VALUES (75, 2, 2, '5.76');
INSERT INTO `articleCommande`(commande_id, article_id, quantite, prixTotal) VALUES (75, 21, 1, '4.31');
INSERT INTO `articleCommande`(commande_id, article_id, quantite, prixTotal) VALUES (75, 28, 3, '5.04');
INSERT INTO `articleCommande`(commande_id, article_id, quantite, prixTotal) VALUES (75, 1, 1, '1.99');
INSERT INTO `articleCommande`(commande_id, article_id, quantite, prixTotal) VALUES (75, 6, 1, '1.44');

INSERT INTO `articleCommande`(commande_id, article_id, quantite, prixTotal) VALUES (76, 7, 1, '2.23');
INSERT INTO `articleCommande`(commande_id, article_id, quantite, prixTotal) VALUES (76, 8, 2, '7.98');
INSERT INTO `articleCommande`(commande_id, article_id, quantite, prixTotal) VALUES (76, 16, 1, '2.23');
INSERT INTO `articleCommande`(commande_id, article_id, quantite, prixTotal) VALUES (76, 25, 1, '4.99');
INSERT INTO `articleCommande`(commande_id, article_id, quantite, prixTotal) VALUES (76, 27, 1, '3.99');
INSERT INTO `articleCommande`(commande_id, article_id, quantite, prixTotal) VALUES (76, 2, 2, '5.76');
INSERT INTO `articleCommande`(commande_id, article_id, quantite, prixTotal) VALUES (76, 21, 1, '4.31');
INSERT INTO `articleCommande`(commande_id, article_id, quantite, prixTotal) VALUES (76, 28, 3, '5.04');
INSERT INTO `articleCommande`(commande_id, article_id, quantite, prixTotal) VALUES (76, 1, 1, '1.99');
INSERT INTO `articleCommande`(commande_id, article_id, quantite, prixTotal) VALUES (76, 6, 1, '1.44');

INSERT INTO `entrepot`(id, ville_id, nom, adresse) VALUES (1, 30, 'Entrepot IDF', '9 Boulevard du Général de Gaulle');
INSERT INTO `entrepot`(id, ville_id, nom, adresse) VALUES (2, 29, 'Entrepot LYON', '9 Boulevard de Balmont');